Person,Contribution,Creator_role,Notes
Victoria Ocampo,"""Carta a Waldo Frank""",AU,
Waldo Frank,"""La selva""",AU,
Drieu de la Rochelle,"""Carta a unos desconocidos""",AU,
Jules Supervielle,"""Notas de viaje a Ouro Preto""",AU,
Alfonso Reyes,"""Compas poético""",AU,
Eugenio D'Ors,"""Los cuatros [sic] ordenes de la arquitectura picassiana""",AU,
Ricardo Güiraldes,"""De un epistolario"" (RG1)",AU,
Ernest Ansermet,"""Los problemas del compositor americano"" (1)",AU,
Jorge Luis Borges,"""El coronel Ascasubi""",AU,
Walter Gropius,"""El teatro total""",AU,
Alfonso Reyes,"""Un paso de América"" (notas)",AU,
Benjamin Fondane,"""El cinema en el atolladero"" (notas)",AU,
Victoria Ocampo,"""La aventura del mueble"" (notas)",AU,
Jorge Luis Borges,"""Séneca en las orillas"" (notas)",AU,
Alberto Prebisch,"""Precisiones de Le Corbusier"" (notas)",AU,
Guillermo de Torre,"""Nuevos pintores argentinos"" (notas)",AU,
Francisco Romero,"""Noticia y vejámen del 'alacraneo'"" (notas)",AU,
Enrique Bullrich,"""Ansermet y el sentido de una obra cultural"" (notas)",AU,
Norah Borges de Torre,"""Buenos Aires""",AR,
William Holland,"""Mujeres de Buenos Aires""",AR,
Pablo Picasso,"""Dibujo (1)""",AR,
Víctor Delhez,"""Palo Borracho (1)""",AR,
Víctor Delhez,"""Palo Borracho (2)""",AR,
Pablo Picasso,"""Dibujo (2)""",AR,
Víctor Delhez,"""Inscripciones de carros (1)""",AR,
Víctor Delhez,"""Inscripciones de carros (2)""",AR,
Lino Spilinbergo,"""La terraza""",AR,
Héctor Basaldúa,"""El paseo""",AR,
Emilio Pettoruti,"""La mujer Lila""",AR,
Conde de Keyserling,"""Perspectivas sudamericanas""",AU,
Victoria Ocampo,"""Contestación a un epílogo de Ortega y Gasset""",AU,
Jaime Torres Bodet,"""Pecho en tierra""",AU,
Ramón Gómez de la Serna,"""Riverismo""",AU,
Eduardo Mallea,"""Sumersión""",AU,
Jorge Luis Borges,"""El Martín Fierro""",AU,
Gerald Sykes,"""Excusas por mi salud""",AU,
Ernest Ansermet,"""Los problemas del compositor americano"" (2)",AU,
Langston Hughes,"""Tres poemas"" (LH)",AU,
Ricardo Güiraldes,"""De un epistolario"" (RG2)",AU,
Francisco Romero,"""Al márgen de 'La rebelión de las masas'"" (notas)",AU,
Victoria Ocampo,"""Ramón Gómez de la Serna en Buenos Aires"" (notas)",AU,
Guillermo de Torre,"""Misterios poéticos"" (notas)",AU,
Alberto Prebisch,"""Una ciudad de América"" (notas)",AU,
Pedro Henriquez Ureña,"""Martí"" (notas)",AU,
Carlos Alberto Erro,"""El juicio de la vieja generación sobre la nueva. Acotaciones a un pensamiento de Scheler"" (notas)",AU,
Ernest Ansermet,"""Dibujo de Picasso""",AR,
Diego Rivera,"""Pintura mural en la Secretaria de la Educación Pública. México"" (1)",AR,
Diego Rivera,"""Pintura mural en la Secretaria de la Educación Pública. México"" (2)",AR,
Silvina Ocampo,"""Dibujo""",AR,
Victoria Ocampo,"""Palabras francesas""",AU,
Alfonso Reyes,"""Los dos augures""",AU,
Lewis Mumford,"""El arte en los Estados Unidos""",AU,
Genaro Estrada,"""Donaire""",AU,
Aldous Huxley,"""Pigmalion contra Galatea""",AU,
Henri Michaux,"""Bajo el faro del miedo""",AU,
Alfred Metraux,"""Un mundo perdido""",AU,
Edgar Lee Masters,"""Tres poemas"" (ELM)",AU,
Ricardo A. Latcham,"""Diagnóstico de la nueva poesía chilena""",AU,
Walter Gropius,"""Arquitectura funcional""",AU,
Mariano Picón Salas,"""El medievalismo en la pintura colonial"" (notas)",AU,
Alfonso Reyes,"""Sobre la reforma de la ortografía portuguesa"" (notas)",AU,
Jorge Luis Borges,"""Films"" (notas)",AU,
John Marin,"""El edificio de New York Telephone (1926)""",AR,
Georgia O'Keeffe,"""Jack en el pulpito (1930)""",AR,
Georgia O'Keeffe,"""El platano (1926)""",AR,
John Marin,"""Saliendo del Maine (1927)""",AR,
Jorge Luis Borges,"""Nuestras imposibilidades"" (notas)",AU,
Waldo Frank,"""El mundo atlántico""",AU,
Leo Ferrero,"""El malestar de la literatura italiana"" ",AU,
Jules Supervielle,"""Poemas"" (JS1)",AU,
Guillermo de Torre,"""Crítica de conferencias. Ramón y Morand"" (notas)",AU,
Raimundo Lida,"""Estilística. Un estudio sobre Quevedo"" (notas)",AU,
André Malraux,"""A propósito de 'Lady Chatterley's Lover'""",AU,
Ramón Gómez de la Serna,"""Policéfalo y señora"" ",AU,
Juan Marinello Vidaurreta,"""Gabriela Mistral y José Martí"" (notas)",AU,
Gorham Munson,"""La novela norteamericana de post-guerra""",AU,
Roberto García Pinto,"""Un balance literario: 1918-1930"" (notas)",AU,
Carlos Astrada,"""'Vida' y 'espíritu' en la metafísica scheleriana"" (notas)",AU,
Celestino Gorostiza,"""Un poema vivo"" (notas)",AU,
Victoria Ocampo,"""Carta al arquitecto Erich Mendelsohn, de Berlín"" (notas)",AU,
Jorge Luis Borges,"""El arte narrativo y la magia"" (notas)",AU,
Jorge Luis Borges,"""Street Scene"" (notas)",AU,
Alfonso Reyes,"""Rumbo a Goethe""",AU,
Benjamin Fondane,"""Martin Heidegger ante la sombra de Dostoiewsky""",AU,
Charles Duff,"""Ulises y otros trabajos de James Joyce""",AU,
Martin Heidegger,"""¿Qué es metafísica""",AU,
Guillermo Giménez,"""La danza en México"" (notas)",AU,
Herminia Hallam Hipwell,"""La América del Norte a través d elos ojos de su juventud"" (notas)",AU,
Elías Castelnuovo,"""La vida de los escritores rusos"" (notas)",AU,
Jorge Luis Borges,"""Noticia de los Kenningar"" (notas)",AU,
Victoria Ocampo,"""El hombre que murió (D. H. Lawrence)""",AU,
Alfonso Reyes,"""Cartas sin permiso . Un desliz de Croce"" (notas)",AU,
Francisco Luis Bernárdez,"""Cielo desterrado"" ",AU,
Fernando Vela,"""Orientaciones últimos de la filosofía""",AU,
Antonio Vallejo,"""El amor no es amado""",AU,
Leopoldo Marechal,"""Poemas"" (LM)",AU,
Amado Alonso,"""El problema argentino de la lengua"" ",AU,
Antonin Artaud,"""El teatro alquímico""",AU,
Julio Irazusta,"""Acerca de Jorge Santayana""",AU,
Julio Irazusta,"""Goethe en las guerras de la revolución"" (notas)",AU,
Victoria Ocampo,"""Al margen del 'Wagner' de Pourtalès"" (notas)",AU,
Jorge Luis Borges,"""Elementos de preceptiva"" (notas)",AU,
Ramón Gómez de la Serna,"""Lucubraciones sobre la muerte""",AU,
Ramón Gómez de la Serna,"""Logaritmos de imágenes"" (notas)",AU,
Julio Irazusta,"""La experiencia rusa de Waldo Frank"" (notas)",AU,
Jorge Santayana,"""Breve historia de mis opinions (traducción de Antonio Marichalar)""",AU,
Carlos Alberto Erro,"""Un filósofo americano: Waldo Frank"" ",AU,
Benjamin Jarnés,"""El cantaro""",AU,
Artur Kutscher,"""Balance del teatro alemán""",AU,
Wladimiro Acosta,"""El mundo de los hombres invisibles""",AU,
Jorge Luis Borges,"""Arte de injuriar""",AU,
Waldo Frank,"""Un gran poeta americano. Introducción a Hart Crane""",AU,
Leo Ferrero,"""Carta de Norteamerica de crisis de 'elites'"" ",AU,
Amado Alonso,"""El porvenir de nuestra lengua"" (notas)",AU,
Conde de Keyserling,"""La verdadera significación de Ludwig Klages""",AU,
Vicente Huidobro,"""El pasajero de su destino""",AU,
José Moreno Villa,"""Paisajes líricos a punta seca""",AU,
Ernesto Palacio,"""Catilina y la ambición política""",AU,
A. Rolland de Renéville,"""La imagen""",AU,
Homero M. Guglielmini,"""1. A propósito del libro de Keyserling""",AU,
José Luis Romero,"""2. Introducción a un sudamericanismo esencial""",AU,
Waldemar Bonsels,"""La esencia del animal"" (notas)",AU,
Victoria Ocampo,"""Leo Ferrero"" (notas)",AU,
Victoria Ocampo,"""Notícula"" (notas)",AU,
Victoria Ocampo,"""Sobres dos poetas de Francia: 'Anna de Noailles y su poesía' - 'Paul Valéry, ""El cementerio marino""'""",AU,
Waldo Frank,"""¿Por qué ha de sobrevivir el judío?""",AU,
Guillermo de Torre,"""La obra poética de Pedro Salinas"" (notas)",AU,
Eduardo Mallea,"""Suerte de Jacobo Uber""",AU,
Maurice Edgar Coindreau,"""La autobiografía de Gertrude Stein"" (notas)",AU,
Victoria Ocampo,"""Al margen de Gide""",AU,
Victoria Ocampo,"""I. 'Espoirs'"" (Homenaje a Leo Ferrero)",AU,
Victoria Ocampo,"""A propósito de 'Hombre de Aran'"" (notas)",AU,
Jorge Luis Borges,"""Los laberintos policiales y Chesterton"" (notas)",AU,
Francisco Luis Bernárdez,"""Dos momentos del poema 'El Buque'""",AU,
Amado Alonso,"""Ricardo Güiraldes"" (notas)",AU,
Amado Alonso,"""D. Salvador de Madariaga"" (notas)",AU,
C. G. Jung,"""Introducción al estudio de los tipos psicológicos""",AU,
Salvador de Madariaga,"""Alberdi Precursor"" ",AU,
Alfred Metraux,"""El universo y la naturaleza a través de las representaciones míticas de dos tribus salvajes de la argentina""",AU,
José Bianco,"""II. La novela de Leo Ferrero"" (Homenaje a Leo Ferrero)",AU,
Gervasio Guillot Muñoz,"""Revisión y Justiprecio del superrealismo"" (notas)",AU,
María Rosa Oliver,"""Sobre 'The Death and Birth of David Markand' de Waldo Frank"" (notas)",AU,
María Rosa Oliver,"""'Titeres de Cachiporra'. Los fantoches de Maese Perico"" (notas)",AU,
Enrique Bullrich,"""Discos: A propósito de 'Les Noches' de Stawinsky"" (notas)",AU,
Victoria Ocampo,"""La mujer y su expresión""",AU,
Jorge Luis Borges,"""El Delator"" (notas)",AU,
Aldous Huxley,"""Naturaleza y límite de la influencia de los escritores""",AU,
Eduardo Mallea,"""Momentum vitae""",AU,
Gervasio Guillot Muñoz,"""René Crevel"" (notas)",AU,
Charles Baudouin,"""El punto de vista de C. G. Jung y la 'Realidad del Alma'"" (notas)",AU,
Juan José Castro,"""Arturo Toscanini"" (notas)",AU,
Luis Saslavsky,"""'Crimen a las 3'. Una película de valores desiguales""",AU,
Waldo Frank,"""Un capítulo de 'La muerte y nacimiento de David Markand'""",TR,
Leopoldo Marechal,"""'Don Segundo Sombra' y el ejercicio ilegal de la crítica"" (notas)",AU,
Eduardo Mallea,"""El escritor de hoy frente a su tiempo"" (1)",AU,
María Rosa Oliver,"""Una exposición de escenotécnica italiana"" (notas)",AU,
Enrique Bullrich,"""Tres conciertos de Juan José Castro"" (notas)",AU,
Le Corbusier,"""El espíritu de Sudamerica""",AU,
Ricardo Molinari,"""Elegía""",AU,
Gerald Heard,"""Un cambio fundamental en la inglaterra de hoy""",AU,
Leopoldo Hurtado,"""Las crónicas autobiográficas de Igor Strawinsky"" (notas)",AU,
Juan Carlos Paz,"""Héctor Villa Lobos y Claudio Arrau"" (notas)",AU,
Emilio Pettoruti,"""Fines y organización de los salones de arte"" (notas)",AU,
Luis Saslavsky,"""A propósito del film 'Escape me never'"" (notas)",AU,
Victoria Ocampo,"""El esbozo de una vida""",AU,
Nicolás Berdiaeff,"""Personalismo y marxismo""",AU,
Gustavo Pittaluga,"""Grandeza y servidumbre del libro (Las fuentes de la cultura)""",AU,
María Rosa Oliver,"""Salon de artes plásticas: Resumen"" (notas)",AU,
Horacio Linares,"""Salon de artes plásticas: Los premios"" (notas)",AU,
Jorge Romero Brest,"""Fotografías de Horacio Coppola y Grete Stern"" (notas)",AU,
Valery Larbaud,"""Una obra americana"" (notas)",AU,
Horacio Butler,"""Salon de artes plásticas: Tres opiniones (1)"" (notas)",AU,
Raúl Soldi,"""Salon de artes plásticas: Tres opiniones (2)"" (notas)",AU,
Aquiles Badi,"""Salon de artes plásticas: Tres opiniones (3)"" (notas)",AU,
Victoria Ocampo,"""Sobre un mal de esta ciudad"" (notas)",AU,
Jorge Luis Borges,"""Una vindicación de Mark Twain""",AU,
Amado Alonso,"""Borges, narrador"" (notas)",AU,
José Bianco,"""Siete años""",AU,
Leon Chestov,"""Kierkegaard y Dostoyewsky""",AU,
Pedro Henríquez Ureña,"""Tradición e Innovación en Lope de Vega""",AU,
Angel J. Battistessa," ""Antecedentes de la poesía gauchesca en el siglo XVIII""",AU,
Victoria Ocampo,"""Domingos en Hyde Park"" (notas)",AU,
Benjamin Fondane,"""La conciencia desventurada (Bergson, Freud y los dioses)""",AU,
Leopoldo Marechal,"""El sentido de la noche en el 'Nocturno Europeo' de Mallea"" (notas)",AU,
José Bianco,"""Siete años (III)""",AU,
Virginia Woolf,"""Un cuarto propio""",AU,
Juan Marinello Vidaurreta,"""Tres novelas ejemplares"" ",AU,
Conde de Keyserling,"""Sobre el porvenir de las civilizaciones del mediterraneo""",AU,
Pedro Henríquez Ureña,"""Camino interior"" (notas)",AU,
Virginia Woolf,"""Un cuarto propio (Capítulos 2 y 3)""",AU,
Attilio Rossi,"""Enseñanzas de un film"" (notas)",AU,
María Rosa González,"""Conexiones"" (notas)",AU,
Aldous Huxley,"""Notas actuales sobre la 'sociología generale' de Pareto""",AU,
Ernesto Palacio,"""Los gracos o el advenimiento de la plutocracia romana""",AU,
Juan Carlos Paz,"""Bach y la música de hoy"" (notas)",AU,
Pedro Henríquez Ureña,"""'El Buque'"" (notas)",AU,
Virginia Woolf,"""Un cuarto propio (capítulo 4)""",AU,
Louis Ollivier," ""La revolución del orden""",AU,
H. Siccardi,"""Influencia del modo en la composición musical"" (notas)",AU,
Jorge Luis Borges,"""La estatua casera"" (notas)",AU,
Waldo Frank,"""Palabras sobre Sur""",AU,
Vicente Huidobro,"""Tríptico a Stephane Mallarmé""",AU,
Eduardo Mallea,"""El escritor de hoy frente a su tiempo"" (2)",AU,
Virginia Woolf,"""Un cuarto propio (conclusión)""",AU,
Attilio Rossi,"""Para iniciar una sección de crítica"" (notas)",AU,
Igor Strawinsky,"""Beethoven""",AU,
Alberto Sartoris,"""Ideas a la Sordina""",AU,
Lisardo Zía,"""Los tomates y la luna"" (notas)",AU,
Jorge Luis Borges,"""Dos films"" (1) (notas)",AU,
Julio Irazusta,"""Libertad y organización en el Siglo XIX""",AU,
Juan José Castro,"""Strawinsky""",AU,
Louis Ollivier,"""El primer debate de 'SUR'"" (noticulares)",AU,
Lisardo Zía,"""Luz y sombra de Becquer""",AU,
André Gide,"""Perséphone""",AU,
André Bretón,"""El castillo estrellado"" (contribución surrealista especial para 'SUR')",AU,
Valentine Hugo,"""Retratos""",AR,
Paul Eluard,"""Tres poemas"" (PE)",AU,
Julio Rinaldini,"""El nuevo plan de estudios de la Escuela de Bellas Artes"" (notas)",AU,
Jorge Luis Borges,"""La doctrina de los ciclos""",AU,
Raimundo Lida,"""Korn, o el filósofo prudente"" (notas)",AU,
Julio Irazusta,"""El 'Catilina' de Ernesto Palacio y la historiografía romana"" (notas)",AU,
Attilio Rossi,"""Crónicas de arte"" (notas)",AU,
Gabriela Mistral,"""Recado sobre Victoria Kent""",AU,
Ana M. Berry,"""¿Existe una nueva consciencia?""",AU,
Vicente Fatone,"""Sobre la educación del hombre argentino"" (notas)",AU,
Louis Ollivier,"""Primer debate de 'Sur': Louis Ollivier: 'Misión o demisión del hombre'""",AU,
Guillermo de Torre,"""Homenaje a Freud""",AU,
Benjamin Fondane,"""Prefacio para el presente""",AU,
Julio Irazusta,"""Siegfried y la América Latina"" (notas)",AU,
José Bianco,"""Las últimas obras de Mallea""",AU,
Francisco Romero,"""Nota sobre Spengler""",AU,
Attilio Rossi,"""Crítica de arte"" (notas)",AU,
W. I. Ivánov,"""Ensayo sobre las orientaciones del espíritu moderno""",AU,
Alvaro Guillot Muñoz,"""Un Talweg Ontológico"" (noticias)",AU,
Victoria Ocampo,"""Una obra sobre la revelación psicológica de Proust"" (1)",AU,
Aldous Huxley,"""¿Cómo lo resuelve Ud.? El probema de la paz constructiva""",AU,
Francisco Luis Bernárdez,"""Sonetos nocturnos""",AU,
Jorge Luis Borges,"""Modos de G. K. Chesterton""",AU,
Attilio Rossi," ""Crítica de Arte. Raquel Forner en la Galería Müller"" (notas)",AU,
Julio Rinaldini,"""Experiencia de una Exposición de Arte"" (notas)",AU,
Jacques Maritain," ""Carta sobre la independencia""",AU,
Ramón Doll,"""Un ensayo de Julio Irazusta sobre Rosas"" (notas)",AU,
Ignacio B. Anzoátegui,"""Laberinto de Amor"" (notas)",AU,
Victoria Ocampo,"""Una obra sobre la revelación psicológica de Proust"" (2)",AU,
José Ortega y Gasset,"""Dan-Auta""",AU,
Victoria Ocampo,"""El congreso internacional de escritores de los P.E.N. Clubs en Buenos Aires""",AU,
Alfonso Reyes,"""Romances del río de enero""",AU,
Jules Supervielle,"""Poemas"" (JS2)",AU,
Amado Alonso,"""Alfonso Reyes""",AU,
Julio Irazusta,"""La representación británica al congreso del P.E.N. Club""",AU,
Ernesto Palacio,"""Ungaretti. Dos poemas de Ungaretti""",AU,
Giuseppe Ungaretti,"""Dos poemas de Ungaretti""",AU,
Gervasio Guillot Muñoz,"""Emil Ludwig""",AU,
Pedro Henríquez Ureña,"""Dos valores hispanoamericanos""",AU,
Angel J. Battistessa,"""Georges Duchamel. Benjamin Cremieux""",AU,
Francisco Romero,"""Presencia de Ortega""",AU,
Robert Weibel-Richard,"""Dos altos representantes del espíritu francés""",AU,
Leonardo Castellani,"""Jacques Maritain""",AU,
Pierre Hourcade,"""Henri Michaux o el viajero perseguido"" ",AU,
Michel Berveiller,"""El teatro de Jean Giraudoux""",AU,
B. Sanin Cano,"""Sobre una novela de Carlos Reyles""",AU,
Carlos Reyles,"""'Mi amante, mi única amante'""",AU,
Enrique Diez Canedo,"""'Epigramas americanos'""",AU,
Victoria Ocampo,"""Benjamin Cremieux""",AU,
Victoria Ocampo,"""Notas""",AU,
Victoria Ocampo,"""Escritores participantes en el congreso internacional""",AU,
Jorge Luis Borges,"""El Bosque Petrificado"" (notas)",AU,
Alfonso Reyes,"""Notas sobre la inteligencia americana""",AU,
Carlos Alberto Erro,"""Rasgos extrinsecos: La arquitectura, el mueble, el vestido, la palabra""",AU,
Leopoldo Hurtado,"""Tren y automovil""",AU,
Pedro Henríquez Ureña,"""Filosofía y originalidad"" (notas)",AU,
Attilio Rossi,"""Carta abierta a la Comisión Organizadora de la exposición de 'Un siglo de arte en la Argentina'"" (notas)",AU,
Stefan Zweig,"""Resurrección de Jorge Federico Händel""",AU,
Jules Supervielle & Henri Michaux," ""El porvenir de la poesía""",AU,
Arnaud Dandieu,"""Marcel Proust""",AU,
Jorge Luis Borges,"""Lawrence y la Odisea"" (notas)",AU,
Carlos Astrada,"""De Kierkegaard a Heidegger""",AU,
Leopoldo Marechal,"""Carta abierta"" (notas)",AU,
Julio Irazusta," ""El Talleyrand del conde de Saint Aulaire"" (notas)",AU,
Angel Vassallo,"""P. L. Landsberg, 'Essai sur l'expérience de la mort'"" (notas)",AU,
Attilio Rossi,"""Salón de Pintores Argentinos en 'Amigos del Arte'"" (notas)",AU,
Alberto Sartoris,"""Ajuste de una estética"" (notas)",AU,
Gabriela Mistral,"""Recado sobre Teresa de la Parra""",AU,
Arnaud Dandieu,"""Marcel Proust (II - Formación histórica de la metáfora proustiana)""",AU,
Henri Michaux,"""Búsqueda en la poesía contemporánea""",AU,
Conrado Nale Roxlo,"""En la muerte de Federico García Lorca""",AU,
Alberto Ollivier,"""A propósito de Igor Strawinsky""",AU,
Jorge Luis Borges,"""Wells, previsor (cine)"" (notas)",AU,
Leo Ferrero,"""Diario de un privilegiado bajo el fascismo""",AU,
Alfonso Reyes,"""Culto a Mallarmé""",AU,
Ramón Gómez de la Serna,"""La idea y la ciudad""",AU,
Julio Irazusta,"""Una opinión de Santayana sobre el testimonio filosóficos de Proust"" (notas)",AU,
Pedro Henríquez Ureña,"""Palabras pronunciadas en el acto inaugural del Primer Congreso Gremial de Escritores"" (notas)",AU,
Francisco Romero,"""Pérdida y recuperación del sujeto en Husserl"" (notas)",AU,
Silvina Ocampo,"""La siesta en el cedro""",AU,
Attilio Rossi,"""XXVI Salón anual de Artes Plásticas. La escultura. Domingo Pronsato"" (notas)",AU,
H. Siccardi,"""'Giulio Cesare' no tiene influencia strawinskiana (música)"" (notas)",AU,
Arnaud Dandieu,"""Marcel Proust (III - La psicología de la metáfora acción sagrada)""",AU,
Maximilian Beck," ""Consecuencias éticas de la teoría del conocimiento"" ",AU,
Jorge Luis Borges,"""Insomnio""",AU,
Jorge Luis Borges,"""Film and Theatre"" (notas)",AU,
Gervasio Guillot Muñoz,"""La agudeza disoviativa de Henri Michaux"" (notas)",AU,
Bernardo Canal Feijóo,"""'Einfühlung' e Historia de Arte"" (notas)",AU,
Attilio Rossi,"""Exposición de pintores argentinos en la Galería Moody. Cesáreo Bernaldo."" (notas)",AU,
Jacques Maritain,"""Conferencia de Jacques Maritain a propósito de la 'Carta sobre la independencia'""",AU,
Arnaud Dandieu,"""Marcel Proust (IV y último - la pérdida progresiva del sentido de lo real en Proust)""",AU,
Emile Gouiran,"""Prolegómenos a una filosofía de la existencia. La crisis del pensamiento occidental""",AU,
Julien Benda,"""La cuestión de la 'Élite'"" (notas)",AU,
León Chestov,"""Iasnaia Poliana y Astapovo - Tolstoi filósofo""",AU,
Jorge Luis Borges,"""Letras Españolas: Inmortalidad de Unamuno"" (notas)",AU,
Guillermo de Torre,"""Unamuno o el rescate de la paradoja""",AU,
Ramón Gómez de la Serna,"""Silueta de Macedonio Fernández"" (notas)",AU,
Francisco Romero,"""Actualidad de la ontología"" (notas)",AU,
Emile Gouiran,"""Prolegómenos a una filosofía de la existencia. II. Orden social y orden de la existencia""",AU,
Julio J. Casal,"""Poemas"" (JJC)",AU,
Aníbal Sánchez Reulet,"""Alejandro Korn"" (notas)",AU,
José Bergamín,"""La máscara de la sangre - tiempo y drama""",AU,
Victoria Ocampo,"""Divergencias (cine)"" (notas)",AU,
T. S. Eliot,"""Rapsodia de una noche ventosa""",AU,
Guillermo de Torre,"""La fácil nostalgia"" (notas)",AU,
Raimundo Lida,"""La música y su sombra"" (notas)",AU,
Ramón Gómez de la Serna,"""Sobre la torre de marfil""",AU,
Aldous Huxley,"""Un capítulo de 'Eyeless in Gaza'"" (1)",AU,
Gervasio Guillot Muñoz,"""Letras Francesas. Un enriquecimiento de la crítica contemporánea. A propósito de 'Histoire de la littérature fraçaise' por Albert Thibaudet"" (notas)",AU,
Eduardo González Lanuza,"""A una música ya otra vez vivida""",AU,
Julio Rinaldini,"""En torno a una exposición de arte 'Abstracto'"" (notas)",AU,
Emile Gouiran,"""Prolegomenos a una filosofía de la existencia. III y último - orden personal y orden existencial""",AU,
Emil Ludwig,"""Sobre la grandeza""",AU,
E. G. (¿?),"""Homenaje a Paul Claudel"" (notas)",AU,
Ezequiel Martinez Estrada,"""Horacio Quiroga"" (notas)",AU,
Guillermo de Torre,"""Literatura individual frente a literatura dirigida""",AU,
Guillermo de Torre,"""Letras Francesas. Disciplina y deliete de Julien Benda"" (notas)",AU,
Aldous Huxley,"""Un capítulo de 'Eyeless in Gaza'"" (2)",AU,
Eduardo Mallea,"""Rossi en Buenos Aires"" (notas)",AU,
Maurice Edgar Coindreau,"""Panorama de la actual literatura joven norteamericana""",AU,
Alfred Metraux,"""El problema de la civilización""",AU,
Attilio Rossi,"""De Buenos Aires a la capital aqrueológica de Sud América""",AU,
H. Siccardi,"""Jean de Bremaeker (música)"" (notas)",AU,
Enrique Anderson Imbert,"""Letras Hispano-Americanas. Pedro Henríquez Ureña y su último libro"" (notas)",AU,
Jorge Luis Borges,"""Dos films"" (2) (notas)",AU,
Julio Irazusta,"""Influencia del espíritu renacentista en el descubrimiento de América""",AU,
Eduardo González Lanuza,"""¿Habrá que suprimir la radio?"" (notas)",AU,
Bernardo Canal Feijóo,"""Letras Hispanoamericanas. Idiomas aborígenes"" (notas)",AU,
Jacques Maritain,"""Con el pueblo de un nuevo humanismo""",AU,
Gregorio Marañón,"""Soledad y libertad""",AU,
Victoria Ocampo,"""Cartas abiertas - José Bergamín, Victoria Ocampo"" (notas)",AU,
Attilio Rossi,"""Maruja Mallo""",AU,
Jorge Luis Borges,"""Letras Alemanas. Una Pedagogía del Odio"" (notas)",AU,
Carlos Alberto Erro,"""Carta a Bernardo Canal Feijóo"" (notas)",AU,
Vicente Huidobro,"""Monumento al mar""",AU,
José Bianco,"""García Lorca en el Odeón"" (notas)",AU,
Bernardo Canal Feijóo,"""Letras Argentinas. Tiempo Lacerado"" (notas)",AU,
Attilio Rossi,"""Dos Surrealists: J. Planas Casas y J. Batlle Planas"" (notas)",AU,
André Bretón,"""Cabezas de tormenta""",AU,
Emile Gouiran,"""Interpretación existencial de la duda cartesiana""",AU,
José Bergamín,"""Cartas abiertas - Victoria Ocampo, José Bergamín (1)"" (notas)",AU,
Victoria Ocampo,"""Cartas abiertas - Victoria Ocampo, José Bergamín (2)"" (notas)",AU,
Victoria Ocampo,"""Carta a Federico García Lorca""",AU,
Victoria Ocampo,"""El proletariado de la mujer según Mounier y según Bergamín"" (notas)",AU,
Jorge Luis Borges,"""Swinburne"" (notas)",AU,
Guillermo de Torre,"""Larra"" (notas)",AU,
A. Rolland de Renéville,"""La hora fuera del tiempo""",AU,
José Luis Romero,"""Sobre el espíritu de facción"" ",AU,
Eduardo Mallea,"""Noche""",AU,
José Babini,"""Los problemas de la ciencia"" (notas)",AU,
Eduardo González Lanuza,"""Mar enlunecido""",AU,
Attilio Rossi,"""IV Salón de Otoño de la Sociedad Argentina de Artistas Plásticos. César López Claro en la Galería Moody"" (notas)",AU,
Emmanuel Mounier,"""La vida privada""",AU,
,"""Orquesta sin batuta"" (notas)",AU,
Victoria Ocampo,"""María de Maeztu""",AU,
Victoria Ocampo,"""Calendario. (Revista de temas del mes) (1)""",AU,
Victoria Ocampo,"""Dejad en paz a las palomas (Un nuevo cine abre sus puertas)"" (notas)",AU,
Jorge Luis Borges,"""H. G. Wells y las parábolas"" (notas)",AU,
Guillermo de Torre,"""Letras Francesas. Una apología de la literatura"" (notas)",AU,
Benjamin Fondane,"""El poeta y la esquizofrenia. La conciencia vergonzosa""",AU,
Julio Irazusta,"""Reflexiones de traductor: La última novela de Huxley"" (notas)",AU,
Jorge Santayana,"""El último puritano""",AU,
María Rosa Oliver,"""La Kermese Heroica""",AU,
Attilio Rossi,"""V Salón de Arte de La Plata. II. Salón de Artistas Decoradores (con 4 láminas de grabados fuera del texto)"" (notas)",AU,
José Babini,"""Lógica, logística, logomaquia"" (notas)",AU,
Aníbal Sánchez Reulet,"""Reflexiones sobre el aburrimiento""",AU,
Federico García Lorca,"""Poemas postumos"" ",AU,
Guglielmo Ferrero,"""La libertad del espíritu y los poderes sin freno"" (notas)",AU,
Wadim Strachkof,"""Pushkin"" (notas)",AU,
Victoria Ocampo,"""Calendario. (Revista de temas del mes) (2)""",AU,
Victoria Ocampo,"""Virginia Woolf, Orlando y Cía""",AU,
Victoria Ocampo,"""Viaje Olvidado"" (notas)",AU,
Jorge Luis Borges,"""La Fuga"" (notas)",AU,
Jacques Maritain," ""Sobre la guerra santa""",AU,
James Joyce,"""Una escena de 'Desterrados'""",AU,
Rafael Pividal,"""Católicos fascistas y católicos personalistas""",AU,
,"""Posición de SUR""",AU,
Victoria Ocampo,"""Calendario. (Revista de temas del mes) (3)""",AU,
Conde de Keyserling,"""Un capítulo de mis Memorias - Rudolf Kassner""",AU,
Jaime Torres Bodet,"""Antonio Arnoux""",AU,
Antonio Marichalar,"""Cordura y conocimiento. En el tricentenario del 'Discurso del Método'""",AU,
Paul Eluard,"""Aquí, a un culpable""",AU,
Tomás Garcés,"""Letras Españolas: Unamuno y Maragall""",AU,
Raimundo Lida,"""Elogio de Mairena""",AU,
Emile Gouiran,"""Letras Francesas. En torno a Rodin""",AU,
José Babini,"""La abstracción y la recta""",AU,
Attilio Rossi,"""Las exposiciones del mes""",AU,
,"""Mekhano""",AU,
Ivy Herczegh Konjovich,"""Casals en el Teatro Colón""",AU,
Victoria Ocampo,"""George Gershwin""",AU,
Enrique Anderson Imbert,"""María de Maeztu y Américo Castro""",AU,
Victoria Ocampo,"""Calendario. (Revista de temas del mes) (4)""",AU,
Conde de Keyserling,"""Un capítulo de mis Memorias - Rudolf Kassner (II)""",AU,
Erskine Caldwell,"""Te estamos mirando, Inés""",AU,
Henri Michaux,"""Aventuras""",AU,
Eduardo González Lanuza,"""Oda a la alegría""",AU,
Eduardo Mallea,"""Maestros extranjeros""",AU,
Guillermo de Torre,"""Por un arte integral""",AU,
Bernardo Canal Feijóo,"""Radiografías fatídicas""",AU,
Ernesto Palacio,"""La experiencia rusa de André Gide""",AU,
Luis de Elizalde,"""'El escalón'""",AU,
A. M. B.,"""Un libro de Swami Vivekananda""",AU,
Pedro Henríquez Ureña,"""Genaro Estrada""",AU,
Jorge Luis Borges,"""Verdes praderas""",AU,
Attilio Rossi,"""XXVII Salón Nacional de Bellas Artes""",AU,
Ivy Herczegh Konjovich,"""Estreno después de 158 años""",AU,
Victoria Ocampo,"""Calendario. (Revista de temas del mes) (5)""",AU,
Victoria Ocampo,"""Plagas. La langosta y los 'gangsters' de la edicione clendestinas"" (notas)",AU,
Jorge Luis Borges,"""De regreso"" (notas)",AU,
Benjamin Fondane,"""El poeta y el esquizofrénico. La conciencia vergonzosa del poeta (II)""",AU,
Silvina Ocampo,"""El cuaderno""",AU,
José Babini,"""Nuevos derroteros"" (notas)",AU,
Bernardo Canal Feijóo,"""Historia de una pasión argentina"" (notas)",AU,
Attilio Rossi,"""Las exposiciones del mes"" (notas)",AU,
Gabriela Mistral,"""Día""",AU,
George Bernard Shaw,"""Sovetismo""",AU,
Jorge Luis Borges,"""Luis Greve, muerto"" (notas)",AU,