id,latitude,longitude,name,notes
547,,,,
527,48.856416,2.281848,"31 rue Raynouard, Paris, France",
532,48.851291,2.338784,"7 rue de L'Odéon, Paris, France",
514,40.7668,-73.9707,"820 Fifth Avenue, New York City, New York",
749,50.7753,6.0839,"Aachen, Germany",
773,-35.2833,-58.8,"Abbott, Buenos Aires, Argentina",
814,43.4496,3.2949,"Abeilhan, France",
1,57.149717,-2.094278,"Aberdeen, United Kingdom",
841,51.6708,-1.288,"Abingdon, United Kingdom",
2,44.618333,-67.744167,"Addison, Maine",
3,-34.929,138.601,"Adelaide, Australia",
1332,-34.8012,-58.3889,"Adrogué, Argentina",
551,37.3094,13.586,"Agrigento, Italy",
4,53.6764136,10.2378854,"Ahrensburg, Germany",
715,47.919,6.3373,"Aillevillers-et-Lyaumont, France",
5,43.529742,5.447427,"Aix-en-Provence, France",
1013,45.6923,5.909,"Aix-les-Bains, France",
6,44.014336,8.1811741,"Alassio, Italy",
1084,38.9943,-1.8585,"Albacete, Spain",
7,45.4253354,8.9448741,"Albairate, Italy",
1202,42.6526,-73.7562,"Albany, New York",
8,-35.0316512,-60.2802699,"Alberti, Buenos Aires, Argentina",
9,35.0853336,-106.6055534,"Albuquerque, New Mexico",
1111,39.3901,-3.2101,"Alcázar de San Juan, Spain",
798,38.6987,-0.4811,"Alcoy, Spain",
1093,52.4293,-0.5424,"Aldwincle, United Kingdom",
1345,45.6201,20.6421,"Aleksandrovo, Serbia",
582,44.1272,4.0834,"Alès, France",
10,31.2000924,29.9187387,"Alexandria, Egypt",
1280,38.8048,-77.0469,"Alexandria, Virginia",
1025,36.1408,-5.4562,"Algeciras, Spain",
1005,36.6428,-4.6877,"Alhaurin el Grande, Spain",
1216,38.346,-0.4907,"Alicante, Spain",
1168,37.9118,23.7246,"Alimos, Greece",
11,25.4358011,81.846311,"Allahabad, India",
552,39.5187,-75.0919,"Alliance, New Jersey",
563,36.834,-2.4637,"Almería, Spain",
1014,-31.6571,-64.4347,"Alta Gracia, Argentina",
1334,-1.2543,-78.6229,"Ambato, Ecuador",
12,41.8492599,-73.5567918,"Amenia, New York",
13,42.3732216,-72.5198537,"Amherst, Massachusetts",
14,40.6789893,-73.4170673,"Amityville, New York",
15,52.3702157,4.8951679,"Amsterdam, Netherlands",
16,37.5442706,-4.7277528,"Andalusia, Spain",
559,40.9859,-74.7421,"Andover, New Jersey",
813,47.4712,0.5518,"Angers, France",
17,30.6006773,117.9249002,"Anhui, China",
1335,43.5804,7.1251,"Antibes (Alpes-Maritimes), France",
18,51.2194475,4.4024643,"Antwerp, Belgium",
581,44.7139,5.0566,"Aouste-sur-Sye, France",
19,40.7928393,17.1011931,"Apulia, Italy",
20,10.591925,-74.186103,"Aracataca, Colombia",
1185,43.7549,11.2518,"Arcetri, Italy",
1138,43.7549,11.2518,"Arcetri, Italy",
21,-16.4090474,-71.537451,"Arequipa, Peru",
22,-38.416097,-63.616672,Argentina,
1143,37.9745,-4.1066,"Arjonilla, Spain",
23,42.4153925,-71.1564729,"Arlington, Massachusetts",
1074,54.3503,-6.6528,"Armagh, Ireland",
747,50.291,2.7775,"Arras, France",
1006,43.0808,-0.2525,"Arthez-d'Asson, France",
992,42.8536,13.5749,"Ascoli Piceno, Italy",
24,46.1615793,8.7750131,"Ascona, Switzerland",
677,35.5951,-82.5515,"Asheville, North Carolina",
1366,42.4549,-6.0533,"Astorga, Spain",
926,43.3614,-5.8593,"Asturias, Spain",
25,-25.2637399,-57.575926,"Asuncion, Paraguay",
946,37.9838,23.7275,"Athens, Greece",
1154,-9.8033,-139.0426,"Atuona, French Polynesia",
910,50.8164,4.4265,"Auderghem, Belgium",
787,48.3705,10.8978,"Augsburg, Germany",
1368,41.7606,-88.3201,"Aurora, Illinois",
26,50.0274106,19.2019829,"Auschwitz, Poland",
649,43.6666,-92.9746,"Austin, Minnesota",
1350,-25.2744,133.7751,Australia,
1161,47.7982,3.5738,"Auxerre, France",
27,-34.6610756,-58.3669739,"Avellaneda, Argentina",
1286,43.9493,4.8055,"Avignon, France",
28,51.837203,-0.266776,"Ayot St Lawrence, United Kingdom",
572,-36.775,-59.854,"Azul, Argentina",
1106,51.9856,9.2521,"Bad Pyrmont, Germany",
1319,47.7167,11.7199,"Bad Wiessee, Germany",
29,38.8794495,-6.9706535,"Badajoz, Spain",
613,41.447,2.245,"Badalona, Spain",
1223,48.0021,16.2309,"Baden bei Wien, Austria",
804,47.4729,8.3081,"Baden, Switzerland",
30,48.7656,8.2285,"Baden-Baden, Germany",
1067,47.8016,7.6721,"Badenweiler, Germany",
1320,48.4977,6.8945,"Badonviller, France",
522,48.872622,2.248883,"Bagatelle, France",
691,44.0109,10.5917,"Bagni di Lucca, Italy",
31,-38.7183177,-62.2663478,"Bahia Blanca, Argentina",
533,39.2904,-76.6122,"Baltimore, Maryland",
973,52.0629,-1.3398,"Banbury, United Kingdom",
1065,22.9274,88.3773,"Bandel, India",
1303,-34.7446,-58.3917,"Banfield, Buenos Aires, Argentina",
1295,24.2859,117.2689,"Banzai, Fujian, Zhangzhou, China",
33,44.3876119,-68.2039123,"Bar Harbor, Maine",
1003,48.7736,5.1582,"Bar-le-Duc, France",
34,48.231209,4.707771,"Bar-sur-Aube, France",
1135,-33.812,-59.5046,"Baradero, Argentina",
32,41.3850639,2.1734035,"Barcelona, Spain",
1126,18.4547,-66.5384,"Barceloneta, Puerto Rico",
941,43.1276,-4.0555,"Bárcena de Pie de Concha, Spain",
1017,54.1625,-3.0731,"Bardsea, United Kingdom",
1428,41.3197,16.2838,"Barletta, Italy",
920,51.2688,7.1803,"Barmen, Germany",
1116,-34.6411,-58.3774,"Barracas, Buenos Aires, Argentina",
856,53.6867,-0.4434,"Barton-upon-Humber, United Kingdom",
1417,55.741,37.2832,"Barvikha, Russia",
36,48.6343172,7.5252938,"Bas-Rhin, France",
35,47.5595986,7.5885761,"Basel, Switzerland",
1338,51.3811,-2.359,"Bath, United Kingdom",
37,20.3719163,-76.6297189,"Bayamo, Cuba",
927,43.4929,-1.4748,"Bayonne, France",
990,40.6687,-74.1143,"Bayonne, New Jersey",
531,49.9456,11.5713,"Bayreuth, Germany",
702,51.6024,0.6442,"Beaconsfield, United Kingdom",
1389,49.2784,0.1111,"Beaumont-en-Auge, France",
1170,50.0839,2.6564,"Beaumont-Hamel, France",
38,-34.4640891,-58.5347609,"Beccar, Argentina",
656,38.8612,-86.4872,"Bedford, Indiana",
1229,39.9042,116.4074,"Beijing, China",
1343,33.8938,35.5018,"Beirut, Lebanon",
1027,34.1002,-118.4595,"Bel-Air, Los Angeles, California",
648,54.5973,-5.9301,"Belfast, Ireland",
39,50.503887,4.469936,Belgium,
748,44.7866,20.4489,"Belgrade, Serbia",
40,51.498659,-0.15267,"Belgrave Square, London, United Kingdom",
667,43.5024,-71.4074,"Belknap County, New Hampshire",
41,46.122228,1.051593,"Bellac, France",
42,45.9641291,9.2461642,"Bellagio, Lombardy, Italy",
1020,46.1425,12.2167,"Belluno, Italy",
643,40.5195,-78.8711,"Belsano, Pennsylvania",
1250,22.9868,87.855,"Bengal, India",
1053,49.9107,28.59,"Berdychiv, Ukraine",
1409,47.892,32.2933,"Bereslavka, Ukraine",
526,40.764236,-73.973947,"Bergdorf Goodman's, New York City, New York",
1195,60.3913,5.3221,"Bergen, Norway",
983,43.309,-8.2326,"Bergondo, Spain",
43,37.8715926,-122.272747,"Berkeley, California",
592,51.7598,0.5679,"Berkhamsted, United Kingdom",
44,52.5200066,13.404954,"Berlin, Germany",
796,43.4188,2.727,"Bermeo, Spain",
1376,32.3078,-64.7505,Bermuda,
746,46.948,7.4474,"Bern, Switzerland",
1393,-34.7109,-58.2801,"Bernal, Argentina",
1078,49.9198,7.0627,"Bernkastel-Kues, Germany",
685,47.2378,6.0241,"Besançon, France",
966,40.6259,-75.3705,"Bethlehem, Pennsylvania",
45,34.0736204,-118.4003563,"Beverly Hills, California",
976,25.3478,86.9824,"Bhagalpur, India",
46,43.48,-1.56,"Biarritz, France",
639,43.4926,-70.4534,"Biddeford, Maine",
1087,50.0517,8.2391,"Biebrich, Wiesbaden, Germany",
802,43.263,2.935,"Bilbao, Spain",
716,45.7239,3.339,"Billom, France",
857,52.4862,-1.8904,"Birmingham, United Kingdom",
1054,51.23,1.1337,"Bishopsbourne, United Kingdom",
1069,-33.6356,150.2836,"Blackheath, Australia",
1468,51.8164,10.9773,"Blankenburg, Germany",
1072,51.8414,-1.361,"Blenheim Palace, United Kingdom",
997,43.4156,-6.8137,"Boal, Spain",
1340,51.7156,1.2911,"Boars Hill, United Kingdom",
47,4.7109886,-74.072092,"Bogotá, Colombia",
700,49.9379,40.5529,"Boguchar, Russia",
1308,54.9432,-1.4227,"Boldon, United Kingdom",
48,44.494887,11.3426162,"Bologna, Italy",
730,50.7374,7.0982,"Bonn, Germany",
49,44.837789,-0.57918,"Bordeaux, France",
1151,46.0528,11.4626,"Borgo Valsugana, Italy",
50,42.3600825,-71.0588801,"Boston, Massachusetts",
1139,40.015,-105.2705,"Boulder, Colorado",
52,50.725231,1.613334,"Boulogne-sur-Mer, France",
838,51.5765,-0.7101,"Bourne End, Wooburn Green, United Kingdom",
589,50.698,2.2286,"Bovington Camp, United Kingdom",
720,39.0068,-76.7791,"Bowie, Maryland",
740,52.0274,1.1432,"Brackley, United Kingdom",
53,41.2675956,-73.4417885,"Branchville, Connecticut",
762,48.2557,13.0443,"Braunau am Inn, Austria",
1347,-14.235,-51.9253,Brazil,
601,53.0793,8.8017,"Bremen, Germany",
54,37.931944,-121.695833,"Brentwood, California",
809,48.3904,4.4861,"Brest, France",
1460,13.106,-59.6132,"Bridgetown, Barbados",
896,41.5351,-73.3662,"Bridgewater, Connecticut",
628,50.8225,0.1372,"Brighton, United Kingdom",
631,41.6771,-71.2662,"Bristol, Rhode Island",
55,51.454513,-2.58791,"Bristol, United Kingdom",
56,49.1950602,16.6068371,"Brno, Czech Republic",
1383,50.7614,-3.4403,"Broadclyst, United Kingdom",
57,51.406025,0.013156,"Bromley, United Kingdom",
833,52.3356,-2.0619,"Bromsgrove, United Kingdom",
1110,40.9382,-73.8321,"Bronxville, New York",
1061,43.9632,-78.9571,"Brooklin, Ontario, Whitby, Canada",
58,42.3317642,-71.1211635,"Brookline, Massachusetts",
636,40.6782,-73.9442,"Brooklyn, New York City, New York",
1446,56.4743,2.8665,"Broughty Ferry, Scotland",
1256,40.6631,-73.9095,"Brownsville, New York City, New York",
59,50.8503463,4.3517211,"Brussels, Belgium",
924,49.0648,25.3817,"Buchach, Ukraine",
993,-34.7217,-63.5075,"Buchardo, Argentina",
60,44.4267674,26.1025384,"Bucharest, Romania",
61,47.497912,19.040235,"Budapest, Hungary",
1155,50.2172,6.5584,"Büdesheim, Germany",
62,-34.6036844,-58.3815591,"Buenos Aires, Argentina",
63,42.8864468,-78.8783689,"Buffalo, New York",
64,3.9005079,-76.3021889,"Buga, Colombia",
65,42.733883,25.48583,Bulgaria,
66,41.587565,-3.0668549,"Burgo de Osma-Ciudad de Osma, Spain",
67,42.3439925,-3.696906,"Burgos, Spain",
68,52.2429228,0.7104932,"Bury St Edmunds, United Kingdom",
69,34.8723179,-89.6906396,"Byhalia, Mississippi",
874,-20.8467,-41.1202,"Cachoeiro de Itapemirim, Espírito Santo, Brazil",
70,30.0444196,31.2357116,"Cairo, Egypt",
71,50.95129,1.858686,"Calais, France",
573,36.7783,-119.4179,California,
791,48.7122,8.7472,"Calw, Germany",
72,21.3926035,-77.9053182,"Camaguey, Cuba",
1203,51.3354,-0.7429,"Camberley, United Kingdom",
73,42.3736158,-71.1097335,"Cambridge, Massachusetts",
74,52.2053,0.1218,"Cambridge, United Kingdom",
606,39.9259,-75.1196,"Camden, New Jersey",
560,39.6289,-84.6486,"Camden, Ohio",
75,-34.1633346,-58.9592643,"Campana, Buenos Aires, Argentina",
76,-24.907204,-65.6441178,"Campo Quijano, Argentina",
963,40.1467,26.4086,"Çanakkale, Turkey",
1459,42.8875,-77.2817,"Canandaigua, New York",
1167,43.3506,-5.1311,"Cangas de Onís, Spain",
77,43.552849,7.017369,"Cannes, France",
78,10.3091314,-68.278778,"Canoabo, Venezuela",
844,51.5435,-0.0944,"Canonbury, London, United Kingdom",
79,-21.9802716,-42.3625761,"Cantagalo, Rio de Janeiro, Brazil",
961,51.2802,1.0789,"Canterbury, United Kingdom",
1123,-30.857,-64.5263,"Capilla del Monte, Córdoba, Argentina",
80,10.4805937,-66.9036063,"Caracas, Venezuela",
1129,45.4136,22.2219,"Caransebeș, Romania",
1386,23.0366,-81.2133,"Cárdenas, Cuba",
620,51.8576,4.3121,"Carmarthen, United Kingdom",
554,36.5552,-121.9233,"Carmel-by-the-Sea, California",
1122,-40.7986,-62.9804,"Carmen de Patagones, Buenos Aires, Argentina",
81,-33.5482466,-71.6045745,"Cartagena, Chile",
1052,37.6257,-0.9966,"Cartagena, Spain",
1024,40.0393,-1.263,"Casas Altas, Spain",
1434,41.7498,12.6485,"Castel Gandolfo, Italy",
1311,43.3171,1.9533,"Castelnaudary, France",
694,37.5079,15.083,"Catania, Italy",
1038,49.864,3.1061,"Caulaincourt, Aisne, France",
82,45.8144729,9.0319407,"Cavallasca, Italy",
1302,48.4711,4.764,"Ceffonds, France",
1060,42.486,2.7488,"Céret, France",
1035,-24.8958,-65.4871,"Cerrillos, Argentina",
1183,44.2635,12.3477,"Cervia, Italy",
1055,-34.6421,-60.4715,"Chacabuco, Argentina",
83,-11.9947642,-76.7682775,"Chaclacayo, Lima, Peru",
84,48.956682,4.363073,"Chalons-en-Champagne, France",
1305,50.8715,0.155,"Chalvington with Ripe, United Kingdom",
880,-32.6864,-56.4769,"Chamberlain, Uruguay",
1112,42.6173,-7.8069,"Chantada, Spain",
85,48.8265,2.405,"Charenton-le-Pont, France",
607,39.289,-77.8597,"Charles Town, West Virginia",
558,32.7765,-79.9311,"Charleston, South Carolina",
1424,49.7621,4.7261,"Charleville-Mézières, France",
921,49.7621,4.7261,"Charleville-Mézières, France",
499,38.0293,-78.4767,"Charlottesville, Virginia",
839,51.4818,-0.0402,"Charlton, London, United Kingdom",
1414,45.9782,3.5194,"Châteldon, France",
86,48.771896,2.270748,"Chatenay-Malabry, France",
1094,48.808,2.1924,"Chaville, France",
1242,51.5367,-1.0382,"Checkendon, Oxfordshire, United Kingdom",
1148,51.4851,-0.1749,"Chelsea, London, United Kingdom",
733,50.8278,12.9214,"Chemnitz, Germany",
975,13.0827,80.2707,"Chennai, India",
725,48.2921,25.9358,"Chernivtsi, Ukraine",
87,53.7117479,28.4244728,"Chervyen, Belarus",
1426,43.6032,13.3299,"Chiaravalle, Italy",
88,41.8781136,-87.6297982,"Chicago, Illinois",
1127,50.8376,0.7749,"Chichester, United Kingdom",
884,-6.7766,-79.8443,"Chiclayo, Perú",
775,-35.6751,-71.543,Chile,
89,-36.6062618,-72.1023351,"Chillan, Chile",
1241,51.4126,0.0775,"Chislehurst, United Kingdom",
881,7.9523,-80.4382,"Chitré, Panama",
90,-34.8969795,-60.0190731,"Chivilcoy, Argentina",
1239,43.879,-71.2198,"Chocorua, New Hampshire",
91,-12.1876499,-77.0077636,"Chorrillos, Lima, Peru",
657,47.8125,-112.1836,"Choteau, Montana",
92,-16.4089164,-67.5276414,"Chulumani, Bolivia",
93,43.387537,-1.675432,"Ciboure, France",
925,47.1288,5.0929,"Cîteaux Abbaye, Saint-Nicolas-lès-Cîteaux, France",
1142,-8.0883,-63.5536,"Ciudad Bolívar, Venezuela",
1144,12.7341,-86.1217,"Ciudad Darío, Nicaragua",
94,48.799815,2.257289,"Clamart, France",
823,47.4596,3.5188,"Clamecy, Nièvre, France",
95,51.46231,-0.13857,"Clapham, London, United Kingdom",
537,,,"Claridge's, London, United Kingdom",
1370,45.7772,3.087,"Clermont-Ferrand, France",
96,41.49932,-81.6943605,"Cleveland, Ohio",
97,42.844668,-73.8183804,"Clifton Park, New York",
671,52.4195,-3.0326,"Clun, United Kingdom",
98,-36.1386156,-72.7945218,"Cobquecura, Chile",
99,-17.4139766,-66.1653224,"Cochabamba, Bolivia",
100,41.3345486,-0.7004385,"Codo, Zaragoza, Spain",
101,45.691046,-0.328744,"Cognac, France",
102,45.4717,6.5822,"Coise-Saint-Jean-Pied-Gauthier, France",
1039,51.8959,0.8919,"Colchester, United Kingdom",
103,42.526752,3.084631,"Collioure, France",
728,50.9375,6.9603,"Cologne, Germany",
104,48.2242,4.8867,"Colombey-les-Deux-Eglises, France",
105,4.570868,-74.297333,Colombia,
561,9.3593,-79.8999,"Colón, Panamá",
106,45.204444,-122.447778,"Colton, Oregon",
107,33.4956744,-88.4272627,"Columbus, Mississippi",
678,39.9612,-82.9988,"Columbus, Ohio",
108,51.0733094,-3.2130433,"Combe Florey, United Kingdom",
996,23.4607,91.1809,"Comilla, Bangladesh",
109,45.8080597,9.0851765,"Como, Italy",
1034,-32.4845,-58.2321,"Concepción del Uruguay, Argentina",
1200,42.4604,-71.3489,"Concord, Massachusetts",
768,36.3602,6.6424,"Constantine, Algeria",
1019,46.1281,6.3425,"Contamine-sur-Arve, France",
1260,55.6761,12.5683,"Copenhagen, Denmark",
110,-31.4200833,-64.1887761,"Córdoba, Argentina",
1050,37.8882,-4.7794,"Córdoba, Spain",
1399,39.5942,16.5201,"Corigliano Calabro, Italy",
689,51.8969,8.4863,"Cork, Ireland",
1375,50.266,-5.0527,"Cornwall, United Kingdom",
1246,-38.7186,-61.2885,"Coronel Dorrego, Argentina",
1413,46.4725,6.8483,"Corsier-sur-Vevey, Switzerland",
954,47.1456,29.1327,"Coșnița, Moldova",
708,9.7489,-83.7534,Costa Rica,
661,52.9943,7.3323,"County Laois, Ireland",
579,48.9006,2.2593,"Courbevoie, France",
111,46.9262933,6.6324944,"Couvet, Switzerland",
112,52.406822,-1.519693,"Coventry, United Kingdom",
113,19.3437444,-99.1561883,"Coyoacán, Mexico",
114,48.790367,2.455572,"Creteil, France",
1471,51.0609,0.1659,"Crowborough, United Kingdom",
940,51.3762,0.0982,"Croydon, United Kingdom",
115,21.521757,-77.781167,Cuba,
1048,53.2411,-2.6012,"Cuddington, Cheshire, United Kingdom",
116,18.9242,-99.2216,"Cuernavaca, Mexico",
690,39.6529,-78.7625,"Cumberland, Maryland",
1081,-13.532,-71.9675,"Cusco, Peru",
591,48.268832258,11.46749813,"Dachau Concentration Camp, Germany",
520,14.7167,17.4677,"Dakar, Senegal",
117,32.775833,-96.796667,"Dallas, Texas",
898,43.3548,-73.0475,"Danby, Vermont",
834,51.4462,0.2169,"Dartford, United Kingdom",
988,38.5449,-121.7405,"Davis, California",
1231,52.0191,6.0598,"De Steeg, Netherlands",
659,58.9318,-2.725,"Deerness, United Kingdom",
955,32.7069,35.5751,"Degania Alef, Israel",
1179,39.7479,2.6484,"Deià, Spain",
1171,33.6972,35.5606,"Deir al-Qamar, Lebanon",
118,32.9594891,-117.2653146,"Del Mar, California",
949,28.7041,77.1025,"Delhi, India",
1221,53.1047,-1.5624,"Derbyshire, United Kingdom",
635,54.9966,-7.3086,"Derry, Ireland",
1423,9.897,-84.0617,"Desamparados, Costa Rica",
1083,46.9735,-0.6987,"Descartes, Indre-et-Loire, France",
119,51.8308166,12.2423302,"Dessau, Germany",
956,42.3314,-83.0458,"Detroit, Michigan",
120,43.2712452,-2.9385576,"Deusto, Spain",
121,51.353,-1.994,"Devizes, United Kingdom",
122,40.049722,-75.425556,"Devon, Pennsylvania",
1349,44.751,5.3705,"Die, France",
1010,49.923,1.0775,"Dieppe, France",
123,44.092193,6.235976,"Digne-les-Bains, France",
124,47.322047,5.04148,"Dijon, France",
1405,48.4647,35.0462,"Dnipro, Ukraine",
938,44.2204,17.6714,"Dolac, Travnik, Bosnia and Herzegovina",
1339,-36.3152,-57.6753,"Dolores, Buenos Aires, Argentina",
125,44.801305,1.217048,"Domme, France",
126,-34.4938049,-58.6272715,"Don Torcuato, Argentina",
1344,33.8938,35.5507,"Dora, Lebanon",
127,36.6923855,7.730807,"Drean, Algeria",
128,51.0746657,13.7741132,"Dresden-Neustadt, Germany",
129,48.736134,1.370889,"Dreux, France",
130,53.3498053,-6.2603097,"Dublin, Ireland",
953,24.2855,87.2419,"Dumka, India",
1212,51.0344,2.3768,"Dunkirk, France",
724,51.2277,6.7735,"Düsseldorf, Germany",
1354,51.9782,1.0164,"East Bergholt, United Kingdom",
131,40.956944,-72.198889,"East Hampton, New York",
653,40.7673,-74.2049,"East Orange, New Jersey",
132,53.018115,-1.308544,"Eastwood, United Kingdom",
1030,55.059,-3.2659,"Ecclefechan, United Kingdom",
1068,48.7174,-0.123,"Écouché, France",
652,55.9533,-3.1883,"Edinburgh, Scotland",
779,26.8206,30.8025,Egypt,
136,36.6393281,-6.2588369,El Puerto de Santa Maria,
1358,22.75,-105.3711,"El Rosario, Sinaloa, Mexico",
562,49.2922,1.0069,"Elbeuf, France",
133,38.4500743,-2.0481401,"Elche de la Sierra, Spain",
134,43.2157113,-2.4128202,"Elgoibar, Gipuzkoa, Spain",
135,46.274788,-111.946213,"Elkhorn, Montana",
568,40.0697,-75.1253,"Elkins Park, Pennsylvania",
1089,48.1171,7.8539,"Emmendingen, Germany",
782,52.3555,1.1743,England,
137,54.3438243,-7.6315336,"Enniskillen, United Kingdom",
1401,-31.7747,-60.4956,"Entre Rios, Argentina",
1096,48.1724,6.4494,"Épinal, France",
630,42.1292,-80.0851,"Erie, Pennsylvania",
138,-31.4489859,-60.9303663,"Esperanza, Argentina",
1265,47.259659,11.400375,"Esseg, Austria",
930,13.0851,-86.363,"Estelí, Nicaragua",
696,51.4874,0.6079,"Eton, United Kingdom",
1193,49.707,0.2056,"Étretat, France",
974,9.1471,77.9996,"Ettayapuram, India",
1394,54.526,15.2551,Europe,
790,54.133,10.6095,"Eutin, Germany",
139,42.0450722,-87.6876969,"Evanston, Illinois",
828,53.5081,-2.1644,"Failsworth, United Kingdom",
140,41.5532,-70.6086,"Falmouth, Massachusetts",
676,51.6585,-1.5847,"Faringdon, United Kingdom",
722,57.9442,19.1425,"Fårö, Sweden",
1448,47.9464,11.2889,"Feldafing, Germany",
1073,42.2655,2.9581,"Figueres, Spain",
1092,50.864613,0.255234,"Firle, United Kingdom",
853,43.7696,11.2558,"Florence, Italy",
141,40.7674987,-73.833079,"Flushing, New York",
142,48.404676,2.70162,"Fontainebleau, France",
143,48.789776,2.287181,"Fontenay-aux-Roses, France",
862,41.256,13.6069,"Formia, Italy",
969,40.8509,-73.9701,"Fort Lee, New Jersey",
1365,43.958,10.1673,"Forte dei Marmi, Italy",
144,48.3515609,-1.204626,"Fougeres, France",
672,53.2669,6.184,"Foxrock, Ireland",
145,50.41094,3.89551,"Frameries, Belgium",
146,46.227638,2.213749,France,
616,46.0187,5.9285,"Frangy, France",
147,50.1109221,8.6821267,"Frankfurt, Germany",
1403,-33.1228,-58.2976,"Fray Bentos, Uruguay",
148,53.8479951,10.7059193,Free City of Lubeck,
1117,40.6576,-73.5832,"Freeport, New York",
149,47.9990077,7.8421043,"Freiburg im Breisgau, Germany",
1415,48.7572,2.3262,"Fresnes, France",
902,36.7378,-119.7871,"Fresno, California",
980,37.2192,-3.7834,"Fuente Vaqueros, Spain",
670,51.4773,0.2017,"Fulham, London, United Kingdom",
150,32.6669328,-16.9240554,"Funchal, Portugal",
151,55.623728,-2.814449,"Galashiels, Scotland",
978,-32.0293,-61.2244,"Gálvez, Santa Fe, Argentina",
977,39.6998,-4.2718,"Gálvez, Toledo, Spain",
1198,53.2707,9.0568,"Galway, Republic of Ireland",
1103,43.552849,7.017369,"Gan, France",
567,38.2806,-95.2419,"Garnett, Kansas",
610,41.2842,-81.0965,"Garrettsville, Ohio",
772,37.1802,-1.8233,"Garrucha, Spain",
1166,54.352,18.6466,"Gdańsk, Poland",
152,46.2043907,6.1431577,"Geneva, Switzerland",
1333,44.4056,8.9463,"Genoa, Italy",
1249,51.1657,10.4515,Germany,
153,51.0543422,3.7174243,"Ghent, Belgium",
154,43.033889,6.140833,"Giens Peninsula, Hyeres, France",
627,50.5841,8.6784,"Giessen, Germany",
1140,43.5322,-5.6611,"Gijón, Spain",
1342,45.9813,9.2043,"Giulino, Azzano, Italy",
851,55.8642,-4.2518,"Glasgow, United Kingdom",
155,42.1350268,-87.7581188,"Glencoe, Illinois",
1021,-32.5445,-59.3565,"Gobernador Mansilla, Argentina",
156,51.185732,-0.612808,"Godalming, United Kingdom",
695,51.2453,1.2295,"Goodnestone, United Kingdom",
1412,41.9854,44.1084,"Gori, Georgia",
157,45.9401812,13.6201754,"Gorizia, Italy",
726,51.5413,9.9158,"Göttingen, Germany",
158,-37.7217867,-62.6104441,"Goyena, Argentina",
159,37.1773363,-3.5985571,"Granada, Spain",
160,40.9263957,-98.3420118,"Grand Island, Nebraska",
1213,43.6602,6.9265,"Grasse, France",
1172,46.657,9.578,"Graubünden, Switzerland",
745,47.0707,15.4395,"Graz, Austria",
1316,28.4744,77.504,"Greater Noida, India",
1032,34.8526,-82.394,"Greenville, South Carolina",
1099,41.0262,-73.6282,"Greenwich, Connecticut",
161,45.188529,5.724524,"Grenoble, France",
1230,53.2194,6.5665,"Groningen, Netherlands",
162,51.5073509,-0.1277583,"Grosvenor Square, London, United Kingdom",
163,20.6596988,-103.3496092,"Guadalajara, Mexico",
164,40.632489,-3.16017,"Guadalajara, Spain",
165,-33.1503285,-59.3104685,"Gualeguay, Argentina",
166,-33.0077778,-58.5111667,"Gualeguaychu, Argentina",
167,21.0190145,-101.2573586,"Guanajuato, Mexico",
1385,7.4715,-61.8936,"Guasipati, Venezuela",
1029,15.7835,-90.2308,Guatemala,
870,14.6349,-90.5069,"Guatemala City, Guatemala",
168,-2.1709979,-79.9223592,"Guayaquil, Ecuador",
1244,46.1696,1.8715,"Guéret, France",
611,25.3043,-90.0659,Gulf of Mexico,
169,26.490278,-80.061111,"Gulf Stream, Florida",
905,36.6484,-87.1664,"Guthrie, Kentucky",
1315,26.1445,91.7362,"Guwahati, India",
1406,-34.6441,-58.5956,"Haedo, Argentina",
1289,43.6571,-0.591,"Hagetmau, France",
914,43.5196,-114.3153,"Hailey, Idaho",
1352,53.5511,9.9937,"Hamburg, Germany",
664,51.5556,0.1762,"Hampstead, United Kingdom",
170,52.3758916,9.7320104,"Hanover, Germany",
650,43.7022,-72.2896,"Hanover, New Hampshire",
171,43.4297135,-98.5273039,"Harrison, South Dakota",
829,51.5806,0.342,"Harrow, London, United Kingdom",
172,41.7637111,-72.6850932,"Hartford, Connecticut",
623,50.8543,0.5735,"Hastings, United Kingdom",
173,48.833333,2.22,"Hauts-de-Seine, France",
174,23.1135925,-82.3665956,"Havana, Cuba",
585,53.8302,-1.9492,"Haworth, United Kingdom",
175,55.771718,9.70228,"Hedensted, Denmark",
713,49.3988,8.6724,"Heidelberg, Germany",
176,60.1698557,24.9383791,"Helsinki, Finland",
177,40.7062128,-73.6187397,"Hempstead, New York",
877,43.3594,-1.7661,"Hendaye, France",
675,35.3387,25.1442,"Heraklion, Greece",
1042,43.2658,-1.9768,"Hernani, Spain",
178,49.100706,2.128767,"Herouville, France",
1301,51.7565,0.2107,"High Laver, United Kingdom",
1218,42.1817,-87.8003,"Highland Park, Illinois",
1207,40.2696,-74.5232,"Hightstown, New Jersey",
750,52.1548,9.958,"Hildesheim, Germany",
897,38.1354,-80.2131,"Hillsboro, West Virginia",
1452,52.0493,1.0457,"Hintlesham, United Kingdom",
939,52.804,0.0134,"Holbeach, United Kingdom",
1149,51.1625,-0.9505,"Holybourne, United Kingdom",
1296,22.3964,114.1095,"Hong Kong, China",
1023,21.3069,-157.8583,"Honolulu, Hawaii",
989,52.6424,5.0602,"Hoorn, Netherlands",
528,48.870156,2.305036,"Hotel Athénée, Paris, France",
519,-33.440462,-70.655121,"Hotel Carrera, Santiago, Chile",
515,48.871132,2.303898,"Hotel de la Trémoille, Paris, France",
538,49.3434,0.1013,"Hotel du Golf, Près de Touques, France",
540,-18.4783,-70.3126,"Hotel Pacífico, Casilla No. 1, Arica, Chile",
1373,47.1211,-88.5694,"Houghton, Michigan",
179,48.856614,2.3522219,"Houjarray, France",
1387,29.7604,-95.3698,"Houston, Texas",
1272,-34.8397,-64.3754,"Huinca Renancó, Argentina",
1363,47.1625,19.5033,Hungary,
608,41.6525,-70.2881,"Hyannis, Massachusetts",
1410,41.7668,-73.9015,"Hyde Park, New York",
180,43.1205,6.1286,"Hyeres, France",
181,47.1584549,27.6014418,"Iasi, Romania",
705,35.6912,139.7356,"Ichigaya, Tokyo, Japan",
182,48.804722,2.121782,"Ile-de-France, France",
848,51.5566,0.0763,"Ilford, United Kingdom",
1173,40.6331,-89.3985,"Illinois, United States",
785,20.5937,78.9629,India,
640,31.5232,-98.98,"Indian Creek, Texas",
183,47.2692124,11.4041024,"Innsbruck, Austria",
1136,42.7087,-81.4104,"Iona Station, Canada",
847,52.0567,1.1482,"Ipswich, United Kingdom",
1022,-3.7437,-73.2516,"Iquitos, Peru",
1041,42.7459,-8.6556,"Iria Flavia, Spain",
184,40.7313,13.8957,"Ischia, Italy",
185,28.2915637,-16.6291304,"Islas Canarias, Spain",
830,50.693848,-1.304734,"Isle of Wight, United Kingdom",
186,45.6290805,11.4421511,"Isola Vicentina, Italy",
936,31.0461,34.8516,Israel,
1312,48.8245,2.2743,"Issy-les-Moulineaux, France",
878,-19.6244,-43.2316,"Itabira, Minas Gerais, Brazil",
867,-14.7916,-39.2833,"Itabuna, Bahia, Brazil",
187,41.8719,12.5674,Italy,
718,57.0051,40.9766,"Ivanovo, Russia",
188,48.813055,2.38822,"Ivry-sur-Seine, France",
1269,37.0504,140.8877,"Iwaki, Japan",
1235,39.7036,141.1527,"Iwate Prefecture, Japan",
189,50.8333432,4.3666294,"Ixelles, Belgium",
603,32.2988,-90.1848,"Jackson, Mississippi",
557,30.3322,-81.6557,"Jacksonville, Florida",
190,37.7795941,-3.7849057,"Jaen, Spain",
706,31.326,75.5762,"Jalandhar, India",
1102,18.1096,-77.2975,Jamaica,
937,36.2048,138.2529,Japan,
1281,22.6469,-102.9876,"Jerez de García Salinas, Mexico",
191,31.768319,35.21371,"Jerusalem, Israel",
764,31.9207,120.2849,"Jiangyin, China",
1453,19.9942,-102.7193,"Jiquilpan, Mexico",
1224,-26.2041,28.0473,"Johannesburg , South Africa",
521,40.752971,-73.979398,"John Simon Guggenheim Memorial Foundation, 551 Fifth Avenue, New York",
596,47.9814,3.399,"Joigny, France",
711,45.4454,0.4311,"Jonzac, France",
564,-94.5133,37.0842,"Joplin, Missouri",
886,-21.7696,-43.4452,"Juiz de Fora, Minas Gerais, Brazil",
1395,-24.1858,-65.2995,"Jujuy, Argentina",
1397,-34.5885,-60.9496,"Junín, Argentina",
192,35.3192254,139.5466868,"Kamakura, Japan",
1076,40.9032,140.4567,"Kanagi, Aomori, Japan",
193,39.114053,-94.6274636,"Kansas City, Kansas",
753,49.0069,8.4037,"Karlsruhe, Germany",
1384,51.3127,9.4797,"Kassel, Germany",
1104,47.883,10.626,"Kaufbeuren, Germany",
194,48.13889,7.264023,"Kayserberg, Germany",
1162,55.6299,22.9439,"Kelmė, Lithuania",
831,51.6693,0.2727,"Kelvedon Hatch, United Kingdom",
195,54.328006,-2.74629,"Kendal, United Kingdom",
197,51.5010095,-0.1932794,"Kensington, United Kingdom",
899,41.7248,-73.477,"Kent, Connecticut",
1327,10.8505,76.2711,"Kerala, India",
198,47.5935362,9.3177304,"Kesswil, Switzerland",
556,43.6807,-114.3637,"Ketchum, Idaho",
199,49.9935,36.230383,"Kharkiv, Ukraine",
1398,49.423,26.9871,"Khmelnytskyi, Ukraine",
757,54.3233,10.1228,"Kiel, Germany",
1214,50.8661,20.6286,"Kielce, Poland",
1251,48.309,16.2769,"Kierling, Klosterneuburg, Austria",
200,50.4501,30.5234,"Kiev, Ukraine",
999,52.6541,-7.2448,"Kilkenny, Ireland",
621,53.265,6.1149,"Killiney, Ireland",
597,54.4,-5.6508,"Killyleagh, Ireland",
201,52.7516798,0.4022963,"King's Lynn, United Kingdom",
663,51.4123,0.3007,"Kingston upon Thames, United Kingdom",
202,41.9270367,-73.9973608,"Kingston, New York",
781,56.1168,-3.1581,"Kirkclady, Scotland",
1222,53.78244,-2.87189,"Kirkham, United Kingdom",
203,38.5833862,-90.406785,"Kirkwood, Missouri",
918,46.6365,14.3122,"Klagenfurt, Austria",
843,51.4991,-0.1644,"Knightsbridge, London, United Kingdom",
204,51.2662551,0.20557,"Knole House, United Kingdom",
646,35.9606,-83.9207,"Knoxville, Tennessee",
756,50.3569,7.589,"Koblenz, Germany",
911,51.1055,2.6501,"Koksijde, Belgium",
205,22.572646,88.363895,"Kolkata, India",
684,50.0809,10.5664,"Königsberg, Germany",
206,58.439,22.7922999,"Konnu, Estonia",
207,46.8794597,7.6208263,"Konolfingen, Switzerland",
1263,48.7164,21.2611,"Košice, Slovakia",
1416,42.559,22.8178,"Kovachevtsi, Bulgaria",
1232,50.0647,19.945,"Kraków, Poland",
1437,52.3753,17.1018,"Kruszewnia, Poland",
901,49.0966,26.5792,"Kupyn, Ukraine",
1267,55.9975,22.9367,"Kuršėna, Lithuania",
1392,51.7482,36.1947,"Kursk, Russia",
208,47.3189227,8.5844705,"Kusnacht, Switzerland",
1400,-34.6345,-58.3631,"La Boca, Argentina",
806,48.8498,2.1325,"La Celle-Saint-Cloud, France",
586,47.3636,2.4335,"La Chapelle-d'Angillon, France",
209,47.1034892,6.8327838,"La Chaux-de-Fonds, Switzerland",
210,43.3623436,-8.4115401,"La Coruña , Spain",
211,-31.1,-64.483,"La Cumbre, Córdoba, Argentina",
213,-8.1435933,-78.4751945,"La Libertad, Peru",
887,-34.4983,-58.4863,"La Lucila, Buenos Aires, Argentina",
216,-16.489689,-68.1192936,"La Paz, Bolivia",
217,-34.9204948,-57.9535657,"La Plata, Argentina",
218,-33.4411269,-70.5340591,"La Reina, Chile",
1396,-29.4135,-66.8565,"La Rioja, Argentina",
219,42.2870733,-2.539603,"La Rioja, Spain",
220,46.670511,-1.426442,"La Roche-sur-Yon, France",
1433,41.2137,1.1413,"La Selva del Camp, Spain",
569,-29.9027,-71.2519,"La Serena, Chile",
1297,13.3323,-87.8501,"La Unión, El Salvador",
1465,44.7783,2.6361,"Lacroix-Barrez, French",
1458,21.3635,-101.9291,"Lagos de Moreno, Mexico",
1234,31.5204,74.3587,"Lahore, Pakistan",
212,45.4207,-122.6706,"Lake Oswego, Oregon",
214,-0.7015457,10.2403858,"Lambarene, Gabon",
215,53.7632254,-2.7044052,"Lancashire, England",
1225,48.2017,16.3916,"Landstraße, Vienna, Austria",
1086,47.8668,5.3343,"Langres, France",
1330,-33.0351,-58.9978,"Larroque, Entre Ríos Province, Argentina",
1326,43.3255,-3.0119,"Las Arenas, Bilbao, Spain",
1379,28.1235,-15.4363,"Las Palmas, Spain",
1456,22.4937,-79.9193,"Las Villas, Cuba",
1227,49.072,9.146,"Lauffen am Neckar, Germany",
221,46.5196535,6.6322734,"Lausanne, Switzerland",
1240,48.0785,-0.767,"Laval, France",
1118,42.707,-71.1631,"Lawrence, Massachusetts",
822,43.7015,6.9894,"Le Bar-sur-Loup, France",
524,48.9368,2.4254,"Le Bourget, France",
576,46.4667,6.8556,"Le Mont-Pèlerin, Switzerland",
1190,42.9784,-77.984,"Le Roy, New York",
226,48.894198,2.134716,"Le Vesinet, France",
222,-12.5617279,-41.3898761,"Lecois, Brazil",
840,52.0339,-2.4236,"Ledbury, United Kingdom",
1091,53.8008,-1.5491,"Leeds, United Kingdom",
710,52.6369,1.1398,"Leicester, United Kingdom",
683,52.1601,4.497,"Leiden, Netherlands",
223,51.3396955,12.3730747,"Leipzig, Germany",
662,51.660494,0.192245,"Lemmons, Chipping Barnet, United Kingdom",
1145,12.4316,-86.8722,"León, Nicaragua",
225,42.4837725,-1.9722513,"León, Spain",
789,51.85,11.583333,"Leopoldshall, Germany",
224,41.6175899,0.6200146,"Lerida, Spain",
500,42.483,-1.967,"Lerín, Spain",
1421,43.3332,-0.4344,"Lescar, France",
1105,51.0459,7.0192,"Leverkusen, Germany",
1134,-23.8153,-64.7928,"Libertador General San Martín, Argentina",
1324,26.3351,17.2283,Libya,
1243,52.6816,-1.8317,"Lichfield, United Kingdom",
1275,59.363,18.1468,"Lidingö Municipality, Sweden",
227,50.6325574,5.5796662,"Liege, Belgium",
1226,48.1373,16.2982,"Liesing, Vienna, Austria",
228,50.62925,3.057256,"Lille, France",
229,-12.0463731,-77.042754,"Lima, Peru",
1430,45.8336,1.2611,"Limoges, France",
230,38.7222524,-9.1393366,"Lisbon, Portugal",
777,34.7465,-92.2896,"Little Rock, Arkansas",
1046,43.5485,10.3106,"Livorno, Italy",
783,46.0569,14.5058,"Ljubljana, Slovenia",
231,41.7005989,2.8398194,"Lloret de Mar, Spain",
1238,51.3076,6.2778,"Lobberich, Nettetal, Germany",
1388,28.752863,-13.824145,"Lobos Island, Spain",
882,51.7592,19.456,"Lodz, Poland",
232,42.4627195,-2.4449852,"Logroño, Spain",
1033,-4.0079,-79.2113,"Loja, Ecuador",
233,-34.7611823,-58.4302476,"Lomas de Zamora, Argentina",
234,59.9107006,29.7359614,"Lomonosov, Russia",
235,51.5073509,-0.1277583,"London, United Kingdom",
236,40.3042778,-73.9923596,"Long Branch, New Jersey",
237,43.1181228,-76.243261,"Long Branch, New York",
598,50.4579,2.7928,"Loos, France",
238,34.0522342,-118.2436849,"Los Angeles, California",
240,43.7696,5.363,"Lourmarin, France",
241,48.86189,2.112527,"Louveciennes, France",
242,42.6334247,-71.3161718,"Lowell, Massachusetts",
909,53.7501,26.059,"Lubcha, Belarus",
1219,53.8655,10.6866,"Lübeck, Germany",
243,42.6366,12.11,"Lubriano, Italy",
1163,43.8376,10.4951,"Lucca, Italy",
1131,-34.5633,-59.1209,"Luján, Argentina",
947,42.6556,-1.3042,"Lumbier, Spain",
1210,53.2464,10.4115,"Lüneburg, Germany",
751,53.2464,10.4115,"Lüneburg, Germany",
952,47.0502,8.3093,"Luzern, Switzerland",
244,49.839683,24.029717,"Lviv, Ukraine",
590,45.764,4.8357,"Lyon, France",
246,13.5603491,78.5036065,"Madanapalle, India",
1206,44.0508,-94.4183,"Madelia, Minnesota",
247,40.4167754,-3.7037902,"Madrid, Spain",
1191,36.3895,139.0634,"Maebashi, Japan",
1351,42.5402,-6.0739,"Magaz de Cepeda, Spain",
1120,-35.0807,-57.5178,"Magdalena, Buenos Aires, Argentina",
737,52.1205,11.6276,"Magdeburg, Germany",
1253,19.7515,75.7139,"Maharashtra, India",
1208,51.2704,0.5227,"Maidstone, United Kingdom",
1271,-23.6246,-65.4087,"Maimará, Argentina",
248,48.947545,2.1423899,"Maisons-Laffitte, France",
1355,40.4738,-3.8683,"Majadahonda, Spain",
249,36.7212737,-4.4213988,"Malaga, Spain",
1432,50.5339,16.0498,"Malé Svatoňovice, Czech Republic",
1095,39.6953,3.0176,"Mallorca, Spain",
1159,45.6655,11.4179,"Malo, Italy",
931,12.115,-86.2362,"Managua, Nicaragua",
1071,42.9956,-71.4548,"Manchester, New Hampshire",
832,53.4808,-2.2426,"Manchester, United Kingdom",
250,40.7830603,-73.9712488,"Manhattan, New York City, New York",
251,49.4874592,8.4660395,"Mannheim, Germany",
774,43.362343,-8.41154,"Mañón, La Coruña, Spain",
626,43.8357,5.7909,"Manosque, France",
846,50.8538,-2.3749,"Mappowder, United Kingdom",
252,-38.0054771,-57.5426106,"Mar del Plata, Argentina",
763,-10.6427,-71.6125,"Maracaibo, Venezuela",
1357,50.8022,8.7668,"Marburg, Germany",
1201,51.5719,0.7769,"Marlow, United Kingdom",
583,48.8331,2.1623,"Marnes-la-Coquette, France",
679,31.6295,-7.9811,"Marrakesh, Morocco",
253,43.296482,5.36978,"Marseille, France",
1164,-34.4948,-58.5165,"Martínez, Argentina",
1346,36.1524,136.2721,"Maruoka, Japan",
593,51.518875,-0.149895,"Marylebone, United Kingdom",
1000,48.0518,-122.1771,"Marysville, Washington",
885,11.9704,-86.0886,"Masaya, Nicaragua",
1008,42.4072,-71.3824,Massachusetts,
979,43.2512,13.0092,"Matelica, Italy",
254,48.3050874,-0.6185636,"Mayenne, France",
566,23.2494,-106.4111,"Mazatlán, Mexico",
981,44.6059,-80.5937,"Meaford, Canada",
1113,48.9562,2.8885,"Meaux, France",
948,21.3891,39.8579,"Mecca, Saudi Arabia",
1237,31.771959,35.217018,"Meishar, Israel",
1299,-37.8136,144.9631,"Melbourne, Australia",
255,-32.3648617,-54.1665506,"Melo, Uruguay",
912,42.4584,-71.0662,"Melrose, Massachusetts",
256,-32.8894587,-68.8458386,"Mendoza, Argentina",
681,48.7033,5.5286,"Ménil-la-Horgne, France",
1336,43.7745,7.4975,"Menton, France",
1045,-34.651,-59.4306,"Mercedes, Argentina",
1371,-33.2604,-58.0186,"Mercedes, Uruguay",
257,20.9673702,-89.5925857,"Mérida, Mexico",
258,8.5698244,-71.1804988,"Mérida, Venezuela",
1411,33.0561,-84.6897,"Meriwether, Georgia",
259,47.9944211,9.1156399,"Messkirch, Germany",
1447,49.1193,6.1757,"Metz, France",
580,48.813,2.2385,"Meudon, France",
260,23.634501,-102.552784,Mexico,
261,19.4326077,-99.133208,"Mexico City, Mexico",
1439,47.8233,0.0213,"Mézeray, France",
262,25.7616798,-80.1917902,"Miami, Florida",
263,25.7616798,-80.1917902,"Miami, United States",
943,19.5665,-101.7068,"Michoacán, Mexico",
264,45.4642035,9.189982,"Milan, Italy",
265,48.405,2.4678,"Milly-la-Foret, France",
1259,43.0389,-87.9065,"Milwaukee, Wisconsin",
889,-34.3743,-55.2371,"Minas, Lavalleja, Uruguay",
693,37.2659,14.6907,"Mineo, Italy",
1292,44.9778,-93.265,"Minneapolis, Minnesota",
604,46.825397,-93.827999,"Minnesota Lake, Minnesota",
1156,46.1765,8.813,"Minusio, Switzerland",
1077,35.6835,139.5596,"Mitaka, Tokyo, Japan",
913,36.8588,14.7608,"Modica, Italy",
731,48.0825,16.2869,"Mödling, Austria",
1306,53.9007,30.3314,"Mogilev, Belarus",
266,37.27464,-6.8369079,"Moguer, Spain",
879,-30.7143,-61.4698,"Moisés Ville, Argentina",
1174,37.122,-1.8611,"Mojácar, Spain",
612,41.4184,2.0322,"Molins de Rei, Spain",
998,35.7643,10.8113,"Monastir, Tunisia",
267,43.0648865,-2.4902081,"Mondragon, Spain",
818,50.4542,3.9567,"Mons, Belgium",
1018,50.642,3.1077,"Mons-en-Barœul, France",
1294,49.0748,3.4917,"Mont-Saint-Père, France",
792,45.983,8.9169,"Montagnola, Collina d'Oro, Switzerland",
1288,44.0221,1.353,"Montauban, France",
1108,41.3744,1.1616,"Montblanch, Tarragona, Spain",
268,45.60745,4.063338,"Montbrison, France",
1381,46.6741,4.363,"Montceau-les-Mines, France",
629,44.3386,1.2096,"Montcuq, France",
1158,45.5003,11.4213,"Montecchio Maggiore, Italy",
269,43.0986938,11.7872467,"Montepulciano, Italy",
942,-27.164,-65.4963,"Monteros, Argentina",
270,25.6866142,-100.3161126,"Monterrey, Mexico",
271,-34.9011127,-56.1645314,"Montevideo, Uruguay",
704,48.7726,1.8154,"Montfort-l'Amaury, France",
272,48.0134479,1.234505,"Montigny-le-Gannelon, France",
273,48.8867148,2.3388895,"Montmartre, Paris, France",
821,43.6108,3.8767,"Montpellier, France",
274,45.5016889,-73.567256,"Montreal, Canada",
275,46.4312213,6.9106799,"Montreux, Switzerland",
276,45.5845001,9.2744485,"Monza, Italy",
842,53.7134,9.2262,"Moore Hall, County Mayo, Republic of Ireland",
577,33.2868,-84.7677,"Moreland, Georgia",
277,-34.6558611,-58.6167212,"Morón, Buenos Aires, Argentina",
778,41.8098,-89.9651,"Morrison, Illinois",
278,55.755826,37.6172999,"Moscow, Russia",
279,36.3566484,43.1640004,"Mosul, Iraq",
280,26.6469624,84.9088938,"Motihari, India",
281,43.6023319,7.006491,"Mougins, France",
1382,24.5926,72.7156,"Mount Abu, India",
282,-36.8841017,174.7155919,"Mount Albert, New Zealand",
1165,41.2043,-73.7271,"Mount Kisco, New York",
634,40.9126,-73.8371,"Mount Vernon, New York",
761,51.4186,6.8845,"Mülheim, Germany",
673,19.076,72.8777,"Mumbai, India",
283,48.1351253,11.5819805,"Munich, Germany",
1178,51.4183,0.1216,Municipal Borough of Wimbledon,
284,47.9032101,11.3726087,"Munsing, Germany",
734,51.9607,7.6261,"Münster, Germany",
285,46.1729618,8.8056081,"Muralto, Switzerland",
286,47.6069,15.6717,"Murzzuschlag, Austria",
849,54.2123,-0.9423,"Muscoates, United Kingdom",
287,47.1950111,35.3061096,"Mykhailivka Raion, Ukraine",
288,35.4875479,137.5005092,"Nakatsugawa, Japan",
289,50.4673883,4.8719854,"Namur, Belgium",
290,48.692054,6.184417,"Nancy, France",
1262,33.0616,130.5412,"Nankan, Japan",
291,47.218371,-1.553621,"Nantes, France",
292,26.15,-81.8,"Naples, Florida",
860,40.8518,14.2681,"Naples, Italy",
293,43.184277,3.003078,"Narbonne, France",
1290,43.3223,-0.761,"Navarrenx, France",
1062,18.9813,-98.841,"Nepantla de Sor Juana Inés de la Cruz, Mexico",
294,46.9899874,6.9292732,"Neuchatel, Switzerland",
295,48.884831,2.26851,"Neuilly-sur-Seine, France",
296,34.4942683,-89.0078418,"New Albany, Mississippi",
1304,53.4355,-3.0508,"New Brighton, Wallasey, United Kingdom",
297,28.613889,77.208889,"New Delhi, India",
917,41.3083,-72.9279,"New Haven, Connecticut",
908,40.0583,-74.4057,New Jersey,
904,41.3557,-72.0995,"New London, Connecticut",
644,41.577,-73.4085,"New Milford, Connecticut",
1026,29.9511,-90.0715,"New Orleans, Louisiana",
923,40.9115,-73.7824,"New Rochelle, New York",
299,40.7127753,-74.0059728,"New York City, New York",
1097,39.9869,-75.4007,"Newtown Square, Pennsylvania",
1450,41.4141,-73.3036,"Newtown, Connecticut",
699,43.7102,7.262,"Nice, France",
300,43.836699,4.360054,"Nimes, France",
1121,-32.3902,-59.7931,"Nogoyá, Entre Ríos, Argentina",
1427,52.24,4.45,"Noordwijk, Netherlands",
609,44.0537,-71.1284,"North Conway, New Hampshire",
1109,42.3251,-72.6412,"Northampton, Massachusetts",
301,44.294167,-68.289722,"Northeast Harbor, Maine",
820,41.1177,-73.4082,"Norwalk, Connecticut",
1098,41.5243,-72.0759,"Norwich, Connecticut",
302,52.6308859,1.297355,"Norwich, United Kingdom",
945,-38.7445,-72.9482,"Nueva Imperial, Chile",
744,49.4521,11.0767,"Nuremberg, Germany",
1362,48.4265,-123.3141,"Oak Bay, Canada",
555,34.1792,-118.7629,"Oak Park, California",
303,37.8043637,-122.2711137,"Oakland, California",
304,50.109938,30.6298846,"Obukhiv, Ukraine",
305,46.482526,30.7233095,"Odessa, Ukraine",
752,51.952,8.6635,"Oerlinghausen, Germany",
306,34.449167,-119.246667,"Ojai, California",
742,41.3159,-72.329,"Old Lyme, Connecticut",
307,53.1434501,8.2145521,"Oldenburg, Germany",
780,-36.9228,174.7852,"Onehunga, Auckland, New Zealand",
308,35.6970697,-0.6307988,"Oran, Algeria",
1153,42.4396,11.2124,"Orbetello, Italy",
309,45.3573429,-122.6067584,"Oregon City, Oregon",
915,42.3358,-7.8639,"Orense, Spain",
1115,47.386,28.8303,"Orhei, Moldova",
1215,38.0856,-0.948,"Orihuela, Spain",
816,47.903,1.9093,"Orléans, France",
310,48.7858,2.5383,"Ormesson-sur-Marne, France",
311,43.6580789,-7.8068851,"Ortigueira, Spain",
312,59.9138688,10.7522454,"Oslo, Norway",
739,52.2799,8.0472,"Osnabrück, Germany",
1372,41.7311,12.2863,"Ostia, Italy",
1261,35.0179,135.8546,"Otsu, Japan",
570,43.3619,5.8494,"Oviedo, Spain",
313,51.7520209,-1.2577263,"Oxford, United Kingdom",
1002,36.7125,15.094,"Pachino, Italy",
314,20.1010608,-98.7591311,"Pachuca, Mexico",
315,-33.88477,151.22621,"Paddington, Australia",
864,38.1157,13.3613,"Palermo, Italy",
316,39.5696005,2.6501603,"Palma de Majorca, Spain",
1132,-7.3782,-72.6503,"Pamplona, Colombia",
1141,42.8125,-1.6458,"Pamplona, Spain",
786,43.8586,21.4039,"Paraćin, Serbia",
578,33.5312,-111.9426,"Paradise Valley, Arizona",
317,-31.7413197,-60.5115471,"Parana, Argentina",
318,48.856614,2.3522219,"Paris, France",
516,51.505789,-0.14693,"Park Lane Hotel, London, United Kingdom",
319,-36.1406484,-71.8227528,"Parral, Chile",
1283,44.6559,0.8125,"Parranquet, France",
965,-32.8059,-56.5224,"Paso de los Toros, Uruguay",
863,45.1847,9.1582,"Pavia, Italy",
320,-32.2706789,-58.081134,"Paysandú, Uruguay",
321,51.474191,-0.069137,"Peckham, London, United Kingdom",
1160,38.7931,0.0338,"Pedreguer, Spain",
1043,-35.8107,-61.8988,"Pehuajó, Argentina",
1356,52.3204,10.2433,"Peine, Germany",
633,5.4164,100.3327,"Penang, Malaysia",
1049,49.4631,-2.5881,"Perelle, Guernsey, Channel Islands, United Kingdom",
322,-33.8912831,-60.5745999,"Pergamino, Buenos Aires, Argentina",
323,-8.8137173,-36.954107,"Pernambuco, Brazil",
815,42.6887,2.8948,"Perpignan, France",
985,43.6943,5.5018,"Pertuis, France",
1378,43.1107,12.3908,"Perugia, Italy",
1119,42.4618,14.2161,"Pescara, Italy",
859,41.8079,13.7888,"Pescasseroli, Italy",
324,42.0253997,13.6505082,"Pescina, Italy",
565,44.3091,-78.3197,"Peterborough, Ontario, Canada",
325,-33.8961,151.1543,"Petersham, Australia",
326,59.9342802,30.3350986,"Petrograd (Leningrad), Russia",
327,-22.5112638,-43.1779137,"Petropolis, Brazil",
619,53.3599,6.2724,"Phibsborough, Ireland",
328,39.9525839,-75.1652215,"Philadelphia, Pennsylvania",
1284,33.4484,-112.074,"Phoenix, Arizona",
525,51.510067,-0.133869,"Piccadilly, London, United Kingdom",
1277,41.4417,13.5553,"Pico, Italy",
1390,46.4288,12.3739,"Pieve di Cadore, Italy",
1150,46.2095,11.565,"Pieve Tesino, Italy",
1012,-37.6028,-62.4023,"Pigüé, Argentina",
776,49.7384,13.3736,"Pilsen, Czech Republic",
329,22.4076256,-83.8473015,"Pinar del Rio, Cuba",
330,22.856,-81.839,"Pipian, Havana, Cuba",
1137,43.7228,10.4017,"Pisa, Italy",
553,40.4406,-79.9959,"Pittsburgh, Pennsylvania",
895,40.6337,-74.4074,"Plainfield, New Jersey",
668,43.757,-71.6882,"Plymouth, New Hampshire",
1146,50.3755,-4.1427,"Plymouth, United Kingdom",
331,47.966667,11.3,"Pocking, Germany",
332,16.2376869,-61.5340424,"Point-a-Pitre, Guadeloupe",
1133,16.2377,-61.534,"Pointe-à-Pitre, Guadeloupe",
1276,51.9194,19.1451,Poland,
1291,54.8615,21.1021,"Polessk, Russia","Previously known as ""Labiau"""
995,37.812,14.0049,"Polizzi Generosa, Italy",
333,49.588267,34.5514169,"Poltava, Ukraine",
334,-32.7921453,-69.6508287,"Polvaredas, Argentina",
335,46.6667994,6.5107091,"Pompaples, Switzerland",
950,18.0111,-66.6141,"Ponce, Puerto Rico",
1348,48.9033,6.0549,"Pont-à-Mousson, France",
336,48.6972499,-3.162961,"Pontrieux, France",
337,21.6417069,69.6292654,"Porbandar, India",
732,42.4246,3.1428,"Portbou, Spain",
575,40.8141,14.3391,"Portici, Italy",
1186,41.1579,-8.6291,"Porto, Portugal",
1466,50.8198,-1.088,"Portsmouth, United Kingdom",
928,50.8198,-1.088,"Portsmouth, United Kingdom",
338,-27.3621374,-55.9008746,"Posadas, Argentina",
339,39.0181651,-77.2085914,"Potomac, Maryland",
594,52.3906,13.0645,"Potsdam, Germany",
951,51.3242,-2.009,"Potterne, United Kingdom",
1328,42.6177,2.4232,"Prades, France",
340,50.0755381,14.4378005,"Prague, Czech Republic",
1314,43.8777,11.1022,"Prato, Italy",
1341,44.1067,11.9816,"Predappio, Italy",
1425,49.6409,18.145,"Příbor, Czech Republic",
497,40.3573,-74.6672,"Princeton, New Jersey",
769,44.0145,6.2116,"Provence, France",
341,19.0414398,-98.2062727,"Puebla, Mexico",
1085,-10.4698,-68.0299,"Puerto Cabello, Venezuela",
1211,-12.5809,-69.2032,"Puerto Maldonado, Peru",
1125,18.2208,-66.5901,Puerto Rico,
968,53.2462,12.0427,"Putlitz, Germany",
1177,46.8139,-71.208,"Quebec City, Canada",
625,40.7282,-73.7949,"Queens, New York City, New York",
1009,50.7147,3.0096,"Quesnoy-sur-Deûle, France",
1047,-32.8803,-71.2497,"Quillota, Chile",
1090,-34.7206,-58.2546,"Quilmes, Buenos Aires, Argentina",
342,-0.1806532,-78.4678382,"Quito, Ecuador",
642,40.8232,-72.6095,"Quogue, New York",
1180,49.9471,22.8239,"Radomno, Poland",
967,43.2569,-3.4634,"Ramales de la Victoria, Spain",
892,-34.6549,-58.5536,"Ramos Mejía, Argentina",
1408,-34.1701,-70.7406,"Rancagua, Chile",
343,22.3723336,-80.1484407,"Ranchuelo, Cuba",
658,40.3084,-88.1559,"Rantoul, Illinois",
1044,45.709,24.065,"Rășinari, Romania",
344,53.3188869,-6.2691599,"Rathgar, Republic of Ireland",
1391,-36.7749,-59.0898,"Rauch, Argentina",
932,44.4184,12.2035,"Ravenna, Italy",
1157,47.0932,26.5556,"Războieni, Neamț",
345,40.341667,-75.926389,"Reading, Pennsylvania",
871,-8.0522,-34.9286,"Recife, Pernambuco, Brazil",
346,-29.1448193,-59.6435242,"Reconquista, Argentina",
760,-29.275813,-65.058449,"Recreo, Argentina",
665,40.3471,-74.0643,"Red Bank, New Jersey",
347,51.5313,-0.157,"Regent's Park, London, United Kingdom",
1236,31.8928,34.8113,"Rehovot, Israel",
348,49.258329,4.031696,"Reims, France",
701,48.1173,1.6778,"Rennes, France",
1313,-27.4519,-58.9856,"Resistencia, Argentina",
349,64.1265206,-21.8174392,"Reykjavik, Iceland",
350,41.5800945,-71.4774291,Rhode Island,
351,42.6513206,-8.8166051,"Rianxo, Spain",
615,43.5122,-7.1144,"Ribadeo, Spain",
714,48.1596,9.4713,"Riedlingen, Germany",
600,56.946285,24.105078,"Riga, Governorate of Livonia, Russian Empire",
618,-33.1232,-64.3493,"Río Cuarto, Córdoba, Argentina",
353,-22.9068467,-43.1728965,"Rio de Janeiro, Brazil",
1457,-30.0346,-51.2177,"Rio Grande do Sul, Brazil",
352,-1.6635508,-78.654646,"Riobamba, Ecuador",
922,45.894,3.1149,"Riom, France",
354,6.144837,-75.375085,"Rionegro, Colombia",
1469,2.7778,-75.2594,"Rivera, Colombia",
825,46.0344,4.0727,"Roanne, France",
1057,45.0322,-93.3386,"Robbinsdale, Minnesota",
1182,45.0023,10.2061,"Roccabianca, Italy",
698,45.9367,0.9617,"Rochefort, France",
1431,51.2415,12.1165,"Röcken, Lützen, Germany",
355,42.6556505,-70.620363,"Rockport, Massachusetts",
1444,50.839,0.0171,"Rodmell, United Kingdom",
513,-34.588155,-58.386657,"Rodriguez Peña 1960, Buenos Aires, Argentina",
356,41.9027835,12.4963655,"Rome, Italy",
1278,42.2936,12.2207,"Ronciglione, Italy",
357,43.757808,7.473754,"Roquebrune-Cap-Martin, France",
358,-32.9442426,-60.6505388,"Rosario, Argentina",
359,-32.9442426,-60.6505388,"Rosario-Santa Fe, Argentina",
360,47.2357137,39.701505,"Rostov-on-Don, Russia",
361,51.9244201,4.4777326,"Rotterdam, Netherlands",
962,45.891,11.0401,"Rovereto, Italy",
1287,41.5565,-73.3087,"Roxbury, Connecticut",
362,51.132377,0.263695,"Royal Tunbridge Wells, United Kingdom",
1422,43.8046,0.3607,"Rozès, France",
1245,48.8828,2.1769,"Rueil-Malmaison, France",
363,47.9255629,6.660436,"Rupt-sur-Moselle, France",
960,52.2891,-0.6004,"Rushden, United Kingdom",
893,36.9806,-85.0649,"Russel County, Kentucky",
364,61.524,105.3188,Russia,
365,40.826489,-74.1068091,"Rutherford, New Jersey",
637,40.9807,-73.6837,"Rye, New York",
1310,-19.8838,-43.8534,"Sabará, Minas Gerais, Brazil",
1279,52.7671,52.7671,"Sachsenhausen Concentration Camp, Germany",
770,38.5816,-121.4944,"Sacramento, California",
1082,-34.5996,-58.533,"Sáenz Peña, Buenos Aires, Argentina",
958,32.9646,35.496,"Safed, Israel",
371,59.9342802,30.3350986,"Saint Petersburg, Russia",
994,43.9582,2.8871,"Saint-Affrique, France",
1176,46.656,-72.1405,"Saint-Casimir, Quebec, Canada",
808,46.9434,0.5143,"Saint-Clémentin, France",
1429,48.2875,6.9478,"Saint-Dié-des-Vosges, France",
1187,45.4397,4.3872,"Saint-Étienne, France",
812,47.3571,1.0152,"Saint-Florent-le-Vieil, France",
366,45.460617,-0.722185,"Saint-Fort-sur-Gironde, France",
367,43.106895,0.723763,"Saint-Gaudens, Haute-Garonne, France",
827,46.9002,0.405,"Saint-Gervais-les-Trois-Clochers, France",
368,43.09324,2.31038,"Saint-Hilaire, France",
819,43.9653,3.8577,"Saint-Hippolyte-du-Fort, France",
369,45.036187,4.0601969,Saint-Julien-Chapteuil,
817,47.8848,6.2735,"Saint-Loup-sur-Semouse, France",
807,48.8428,2.4179,"Saint-Mandé, France",
1282,44.6444,0.8207,"Saint-Martin-de-Villeréal, France",
370,47.706925,-0.744224,"Saint-Martin-du-Bois, France",
826,48.8029,2.4854,"Saint-Maur-des-Fossés, France",
1188,49.148,0.1048,"Saint-Ouen-le-Pin, France",
587,49.0461,5.6018,"Saint-Remy-la-Calonne, France",
810,44.978,4.7997,"Saint-Romain-de-Lerps, France",
372,45.532569,4.862609,"Saint-Romain-en-Gal, France",
373,47.618107,3.194848,"Saint-Sauveur-en-Puisaye, Yonne, France",
1419,43.2677,6.6407,"Saint-Tropez, France",
1147,46.8445,-71.6152,"Sainte-Catherine-de-la-Jacques-Cartier, Canada",
1470,44.8418,0.215,"Sainte-Foy-la-Grande, France",
1404,46.0656,8.9564,"Sala Capriasca, Switzerland",
374,40.9701039,-5.6635397,"Salamanca, Spain",
1204,42.5195,-70.8967,"Salem, Massachusetts",
1152,40.6824,14.7681,"Salerno, Italy",
903,36.6777,-121.6555,"Salinas, California",
957,41.9834,-73.4212,"Salisbury, Connecticut",
375,-24.7821269,-65.4231976,"Salta, Argentina",
1464,25.4383,-100.9737,"Saltillo, Mexico",
377,-34.295047,-60.2473787,"Salto, Argentina",
508,-31.3855,-57.9601,"Salto, Uruguay",
868,-12.9777,-38.5016,"Salvador, Bahia, Brazil",
765,45.8011,15.711,"Samobor, Croatia",
959,29.4241,-98.4936,"San Antonio, Texas",
1189,3.9141,-75.4799,"San Antonio, Tolima, Colombia",
890,-36.2391,-61.1256,"San Carlos de Bolívar, Argentina",
624,-34.7973,-54.9276,"San Carlos, Uruguay",
378,16.737,-92.6376,"San Cristobal de las Casas, Mexico",
1199,32.7157,-117.1611,"San Diego, California",
1402,-28.4696,-65.7795,"San Fernando del Valle de Catamarca, Argentina",
1001,37.7749,-122.4194,"San Francisco, California",
379,-32.3711039,-61.3593557,"San Genaro, Argentina",
1016,-34.4708,-58.5286,"San Isidro, Argentina",
381,-33.1130905,-61.7021942,"San Jose de la Esquina, Argentina",
382,-34.3486042,-56.7075141,"San Jose de Mayo, Uruguay",
380,9.9280694,-84.0907246,"San Jose, Costa Rica",
1258,-31.5287,-68.536,"San Juan, Argentina",
383,18.4655394,-66.1057355,"San Juan, Puerto Rico",
933,-34.6874,-58.5633,"San Justo, Argentina",
384,40.5932386,-4.1475748,"San Lorenzo de El Escorial, Spain",
934,38.1471,16.0633,"San Luca, Italy",
386,22.1564699,-100.9855409,"San Luis Potosi, Mexico",
385,-33.3017267,-66.3377522,"San Luis, Argentina",
387,-34.5759506,-58.5372696,"San Martin, Argentina",
389,-26.8082848,-65.2175903,"San Miguel de Tucumán, Argentina",
390,42.3280438,-2.8645685,"San Millan de la Cogolla, Spain",
391,-33.3334669,-60.2110494,"San Nicolas de los Arroyos, Argentina",
392,-32.6612397,-65.3055784,"San Pablo, Argentina",
1036,-35.101933,-60.438538,"San Pedro, Argentina",
393,-34.6128922,-68.3390622,"San Rafael, Argentina",
875,-24.1858,-65.2995,"San Salvador de Jujuy, Argentina",
1298,13.6929,-89.2182,"San Salvador, El Salvador",
574,43.3183,1.9812,"San Sebastián, Spain",
398,-34.6833766,-58.4811204,"San Tammaro, Argentina",
408,40.658316,17.706466,"San Vito dei Normanni, Italy",
1011,51.0745,1.1392,"Sandgate, United Kingdom",
1361,43.5726,12.1383,"Sansepolcro, Italy",
407,41.2570604,1.7830973,"Sant Pere de Ribes, Spain",
394,34.4208305,-119.6981901,"Santa Barbara, California",
1380,28.4636,-16.2518,"Santa Cruz de Tenerife, Spain",
1359,-34.6324,-71.3592,"Santa Cruz, Chile",
395,-31.6106578,-60.697294,"Santa Fe, Argentina",
396,35.667222,-105.964444,"Santa Fe, New Mexico",
397,23.0613598,-82.2575659,"Santa Maria del Rosario, Cuba",
399,34.0194543,-118.4911912,"Santa Monica, California",
400,43.4623057,-3.8099803,"Santander, Spain",
402,42.8782132,-8.5448445,"Santiago de Compostela, Spain",
1435,20.0169,-75.8302,"Santiago de Cuba, Cuba",
403,-27.7833574,-64.264167,"Santiago del Estero, Argentina",
401,-33.4488897,-70.6692655,"Santiago, Chile",
404,18.4860575,-69.9312117,"Santo Domingo, Dominican Republic",
614,44.6997,8.2172,"Santo Stefano Belbo, Italy",
505,-28.5524,-56.0452,"Santo Tomé, Argentina",
405,-34.5990645,-58.5467344,"Santos Lugares, Argentina",
409,-23.5505199,-46.6333094,"Sao Paulo, Brazil",
410,-23.5298156,-47.1374002,"Sao Roque, Brazil",
907,51.5924,45.9608,"Saratov, Russia",
1175,40.1209,9.0129,"Sardinia, Italy",
1461,45.7375,-94.9525,"Sauk Centre, Minnesota",
674,32.0809,-81.0912,"Savannah, Georgia",
411,40.054753,-88.2517165,Savoy,
852,54.2831,-0.3998,"Scarborough, North Yorkshire, United Kingdom",
970,41.0051,-73.7846,"Scarsdale, New York",
986,50.8674,4.3773,"Schaerbeek, Belgium",
412,52.4893436,13.352548,"Schoneberg, Germany",
1449,43.1001,-73.5818,"Schuylerville, New York",
1367,56.4907,-4.2026,"Scotland, United Kingdom",
1293,53.4675,-3.0128,"Seaforth, United Kingdom",
900,47.6062,-122.3321,"Seattle, Washington",
688,49.6054,0.9748,"Seine-Maritime, France",
413,48.9137455,2.4845729,"Seine-Saint-Denis, France",
1088,46.544,11.5627,"Seis am Schlern, Italy",
414,34.6176032,-89.9687011,"Senatobia, Mississippi",
415,43.7197926,13.2152224,"Senigallia, Italy",
682,48.3951,6.9815,"Senones, Vosges, France",
1377,43.9941,10.2301,"Seravezza, Italy",
1454,48.3727,0.5758,"Sérigny, Belforêt-en-Perche, France",
416,43.4078758,3.7008219,"Sete, France",
1331,55.395,24.0342,"Šeteniai, Lithuania",
417,37.3890924,-5.9844589,"Sevilla, Spain",
418,48.93897,2.538716,"Sevran, France",
1266,23.6776,87.6852,"Shantiniketan, India",
1128,45.4042,-71.8929,"Sherbrooke, Canada",
1130,40.135,-86.2205,"Sheridan, Indiana",
1205,33.9578,130.9415,"Shimonoseki, Japan",
845,52.4104,-1.8194,"Shirley, United Kingdom",
1270,35.652832,139.839478,"Showa, Japan",
709,32.4945,74.5229,"Sialkot, Pakistan",
1407,-22.886,-69.3172,"Sierra Gorda, Chile",
794,46.2941,7.5335,"Sierre, Switzerland",
641,38.9907,-77.0261,"Silver Spring, Maryland",
1181,42.8373,-80.304,"Simcoe, Ontario, Canada",
419,51.1155223,0.5826609,"Sissinghurst Castle Garden, United Kingdom",
420,41.3189575,-122.3087674,"Sisson, California",
1169,20.1528,92.8677,"Sittwe, Myanmar",
1441,65.8242,-20.308,"Skagaströnd, Iceland",
837,51.767035,-2.185946,"Slad, United Kingdom",
1233,44.4302,24.3717,"Slatina, Romania",
1440,56.4152,38.6058,"Slednevo, Russia",
1004,35.911,14.5029,"Sliema, Malta",
1252,53.021,27.554,"Slutsk, Belarus",
729,-5.7161,-72.9311,"Sogamoso, Colombia",
1209,51.5136,-0.1365,"Soho, London, United Kingdom",
1268,47.2088,7.5323,"Solothurn, Switzerland",
964,42.3876,-71.0995,"Somerville, Massachusetts",
421,49.085485,5.462618,"Sommedieue, France",
707,43.7834,4.0897,"Sommières, France",
692,40.6263,14.3758,"Sorrento, Italy",
422,40.8598656,-72.5678041,"Southhampton, New York",
423,40.463667,-3.74922,Spain,
1217,51.1506,0.2195,"Speldhurst, United Kingdom",
1220,51.5645,-2.1069,"St Paul Malmesbury Without, United Kingdom",
424,47.4244818,9.3767173,"St. Gallen, Switzerland",
425,38.6270025,-90.1994042,"St. Louis, Missouri",
426,27.7676008,-82.6402915,"St. Petersburg, Florida",
427,59.9342802,30.3350986,"St. Petersburg, Russia",
680,52.6513,0.4802,"Stamford, United Kingdom",
735,48.0,11.339,"Starnberg, Germany",
894,40.7934,-77.86,"State College, Pennsylvania",
1059,51.9038,-0.1966,"Stevenage, United Kingdom",
1442,42.2876,-73.3204,"Stockbridge, Massachusetts",
428,59.3293235,18.0685808,"Stockholm, Sweden",
850,54.1927,-0.9955,"Stonegrave, United Kingdom",
1321,48.5734,7.7521,"Strasbourg, France",
906,43.0429,-72.9109,"Stratton, Vermont",
836,51.7457,-2.2178,"Stroud, United Kingdom",
595,48.7758,9.1829,"Stuttgart, Germany",
429,-19.0195852,-65.2619615,"Sucre, Bolivia",
1194,48.7709,2.5222,"Sucy-en-Brie, France",
430,43.1836046,-89.2137254,"Sun Prairie, Wisconsin",
651,54.9069,-1.3838,"Sunderland, United Kingdom",
431,48.87,2.22,"Suresnes, France",
929,47.3692,2.8034,"Sury-en-Vaux, France",
432,50.8670895,-0.087914,"Sussex, United Kingdom",
660,52.2536,-0.2981,"Swaffham Prior, United Kingdom",
759,50.6083,1.9608,"Swanage, United Kingdom",
767,60.1282,18.6435,Sweden,
805,46.8182,8.2275,Switzerland,
622,-33.8688,151.2093,"Sydney, Australia",
866,37.0755,15.2866,"Syracuse, Italy",
433,53.0298854,17.1246243,"Szamocin, Poland",
754,53.4285,14.5528,"Szczecin, Poland",
797,41.8249,-5.9603,"Tábara, Spain",
1325,-31.7207,-55.986,"Tacuarembó, Uruguay",
1066,47.2416,38.8676,"Taganrog, Russia",
1445,-35.4232,-71.6485,"Talca, Chile",
666,43.5334,-75.3652,"Talcottville, New York",
434,59.4369608,24.7535747,"Tallinn, Estonia",
1124,-37.3288,-59.1367,"Tandil, Buenos Aires, Argentina",
686,43.233,0.0781,"Tarbes, France",
1285,47.209,26.3757,"Târgu Neamț, Romania",
1028,42.2542,11.7576,"Tarquinia, Italy",
435,41.1188827,1.2444909,"Tarragona, Spain",
703,35.4142,8.1011,"Tébessa, Algeria",
984,32.0853,34.7818,"Tel Aviv, Israel",
1247,-34.7678,-58.3793,"Temperley, Argentina",
876,-38.7359,-72.5904,"Temuco, Chile",
1254,34.6525,135.506302,"Tenjinbashi, Japan",
1337,51.9381,-2.1665,"Tewkesbury, England",
1329,15.87,100.9925,Thailand,
719,20.1291,105.3131,"Thanh Hóa, Vietnam",
1063,47.8107,7.1024,"Thann, France",
436,50.5138516,14.1652281,"Theresienstadt Concentration Camp, Czech Republic",
811,40.6401,22.9444,"Thessaloniki, Greece",
617,45.882,6.3248,"Thônes, France",
584,53.5,-3.0,"Thornton, United Kingdom",
437,50.4777681,3.055458,"Thumeries, France",
1107,-34.4251,-58.5797,"Tigre, Buenos Aires, Argentina",
919,45.7489,21.2087,"Timișoara, Romania",
571,48.7629,0.7325,"Tinchebray, France",
1463,20.1589,-103.0447,"Tizapán el Alto, Mexico",
1462,19.2791,-99.2114,"Tlalpan, Mexico",
803,34.8884,1.318,"Tlemcen, Algeria",
1353,-34.603722,-58.381592,"Toay, Argentina",
438,36.8338638,-87.1422895,"Todd County, Kentucky",
1079,42.7819,12.4066,"Todi, Italy",
439,35.6894875,139.6917064,"Tokyo, Japan",
991,41.6528,-83.5379,"Toledo, Ohio",
1192,39.8628,-4.0273,"Toledo, Spain",
1436,19.2826,-99.6557,"Toluca, Mexico",
1058,-36.6132,-72.9589,"Tomé, Chile",
440,45.070312,7.6868565,"Torino, Italy",
982,43.6532,-79.3832,"Toronto, Canada",
632,50.4619,3.5253,"Torquay, United Kingdom",
441,43.604652,1.444209,"Toulouse, France",
442,43.6067868,1.4471126,"Toulouse, Italy",
443,47.394144,0.68484,"Tours, France",
444,49.858616,1.095163,"Tourville-sur-Arques, France",
854,52.1351,-0.9897,"Towcester, United Kingdom",
445,53.2833765,-6.1044944,"Tower Hill, Dalkey, Co. Dublin",
758,47.941396,11.257736,"Traubing, Germany",
784,45.9082,15.0126,"Trebnje, Slovenia",
588,52.941004,-4.141929,"Tremadog, United Kingdom",
944,-35.6986,-64.1342,"Trenel, Argentina",
1051,45.6669,12.243,"Treviso, Italy",
1443,49.75,6.6371,"Trier, Germany",
446,51.319664,-2.208853,"Trowbridge, Wiltshire, United Kingdom",
1056,-8.1091,-79.0215,"Trujillo, Peru",
1364,9.3564,-70.4372,"Trujillo, Venezuela",
1228,48.5216,9.0576,"Tübingen, Germany",
755,48.5216,9.0576,"Tübingen, Germany",
647,32.2226,-110.9747,"Tucson, Arizona",
1273,-26.8083,-65.2176,"Tucumán, Argentina",
835,33.8869,9.5375,Tunisia,
447,45.070312,7.6868565,"Turin, Italy",
788,47.9125,11.2773,"Tutzing, Germany",
741,51.4446,0.3352,"Twickenham, United Kingdom",
738,47.7662,9.1703,"Überlingen, Germany",
448,50.8023982,4.34067,"Uccle, Belgium",
971,43.2612,-4.2482,"Ucieda, Spain",
736,48.3794,31.1656,Ukraine,
1100,48.4011,9.9876,"Ulm, Germany",
883,-9.161,-36.0166,"União dos Palmares, Alagoas, Brazil",
449,40.8673215,-74.5221011,"Union Hill, New Jersey",
1031,39.9001,-79.7164,"Uniontown, Pennsylvania",
669,55.3781,-3.436,United Kingdom,
1184,37.0902,-95.7129,United States,
450,-31.2341309,-64.3167114,"Unquillo, Argentina",
451,51.61789,-3.972711,"Uplands, Swansea, United Kingdom",
1257,40.787,-73.9754,"Upper West Side, New York City, New York",
721,59.8586,17.6389,"Uppsala, Sweden",
452,41.1692494,-0.4974359,"Urrea de Gaen, Spain",
869,-32.5228,-55.7658,Uruguay,
1309,53.6235,27.715,"Uzlyany, Belarus",
453,48.7931426,2.4740337,"Val-de-Marne, France",
454,38.8113074,-3.4599326,"Valdepeñas, Spain",
1360,-39.8196,-73.2452,"Valdivia, Chile",
800,39.4699,-0.3763,"Valencia, Spain",
455,41.652251,-4.7245321,"Valladolid, Spain",
712,48.71,2.0422,"Vallée de Chevreuse, France",
456,48.7100091,2.0422148,"Vallee de Chevreuse, France",
457,49.097092,2.190744,"Valmondois, France",
458,-33.047238,-71.6126885,"Valparaiso, Chile",
459,49.25,-123.1,"Vancouver, Canada",
460,47.658236,-2.760847,"Vannes, Brittany",
1080,42.1046,14.7059,"Vasto, Italy",
1274,56.879,14.8059,"Växjö, Sweden",
461,23.1401998,-82.379729,"Vedado, Havana, Cuba",
462,36.7799228,-4.1005589,"Velez-Malaga, Spain",
793,48.9047,16.8161,"Velké Pavlovice, Czech Republic",
463,43.7223216,7.1117033,"Vence, France",
464,45.4408474,12.3155151,"Venice, Italy",
861,45.7217,8.6942,"Vergiate, Italy",
465,45.4383842,10.9916215,"Verona, Italy",
529,48.8014,2.1301,"Versailles, France",
466,46.4628333,6.8419192,"Vevey, Switzerland",
824,47.4657,3.7461,"Vézelay, France",
530,-34.599555,-58.373813,"Viamonte 494, Buenos Aires, Argentina",
536,-34.599587,-58.37493,"Viamonte 570, Buenos Aires, Argentina",
1114,41.6918,-8.8345,"Viana do Castelo, Portugal",
865,45.5455,11.5354,"Vicenza, Italy",
467,46.131859,3.425488,"Vichy, France",
1420,55.1927,30.2064,"Viciebsk, Belarus",
1451,42.9826,-77.4089,"Victor, New York",
468,-30.0319,-70.7081,"Vicuna, Chile",
469,48.2081743,16.3738189,"Vienna, Austria",
872,18.1263,-65.4401,"Vieques, Puerto Rico",
470,49.0307,2.3717,"Vigny, Val-d'Oise, France",
916,42.2406,-8.7207,"Vigo, Spain",
471,41.2151504,1.727446,"Vilanova i la Geltru, Spain",
1455,22.4937,-79.9193,"Villa Clara, Cuba",
888,-31.3222,-62.8141,"Villa Concepción, Argentina",
1322,-32.0309,-60.3072,"Villa Crespo, Entre Ríos, Argentina",
1307,-29.9064,-63.725,"Villa de María del Río Seco, Argentina",
473,-31.5562575,-63.5356054,"Villa del Rosario, Argentina",
474,-31.9877299,-58.9635815,"Villa Dominguez, Argentina",
873,-33.6754,-65.4581,"Villa Mercedes, Argentina",
511,-34.456819,-58.519631,"Villa Ocampo, Argentina",
472,46.60856,13.85062,"Villach, Austria",
475,17.989456,-92.9475061,"Villahermosa, Mexico",
523,46.300057,7.055056,"Villars-sur-Ollon, Switzerland",
477,48.8270042,2.1886944,"Ville-d'Avray, France",
476,48.3240399,3.08279,"Villeblevin, France",
1323,48.7927,2.3593,"Villejuif, France",
478,49.177522,3.473478,"Villeneuve-sur-Fere, France",
687,49.2551,3.0908,"Villers-Cotterêts, France",
479,-33.0153481,-71.5500276,"Viña del Mar, Chile",
1015,46.4475,6.2794,"Vinzel, Switzerland",
723,46.2947,7.8821,"Visp, Switzerland",
801,42.8592,2.6818,"Vitoria-Gasteiz, Spain",
480,43.6642649,-7.5945348,"Viveiro, Spain",
1070,39.3622,22.9422,"Volos, Greece",
1418,48.4309,2.7644,"Vulaines-sur-Seine, France",
512,40.7565,-73.9742,"Waldorf-Astoria, New York City, New York",
858,51.5974,-1.1336,"Wallingford, Oxfordshire, United Kingdom",
1264,51.4899,9.1452,"Warburg, Germany",
481,53.3900441,-2.5969501,"Warrington, Cheshire, United Kingdom",
482,52.2296756,21.0122287,"Warsaw, Poland",
483,38.9071923,-77.0368707,"Washington, D.C.",
743,47.5703,9.6385,"Wasserburg am Bodensee, Germany",
484,41.3542395,-72.164816,"Waterford, Connecticut",
987,50.7882,4.418,"Watermael-Boitsfort, Belgium",
1075,43.1947,-88.729,"Watertown, Wisconsin",
972,51.6565,-0.3903,"Watford, United Kingdom",
855,52.5529,-2.0221,"Wednesbury, United Kingdom",
891,52.3992,22.0164,"Węgrów, Poland",
485,50.9794934,11.3235439,"Weimar, Germany",
1197,51.1973,11.9689,"Weißenfels, Germany",
1040,53.26215,-1.156029,"Welbeck Abbey, United Kingdom",
1374,42.2968,-71.2924,"Wellesley, Massachusetts",
697,51.3647,0.8065,"Wellington College, Berkshire, United Kingdom",
1318,-41.2865,174.7762,"Wellington, New Zealand",
727,52.3451,13.7061,"Wernsdorf, Königs Wusterhausen, Germany",
645,52.5177,-1.9952,"West Bromwich, United Kingdom",
655,39.9607,-75.6055,"West Chester, Pennsylvania",
486,51.547358,-0.190436,"West Hampstead, London, United Kingdom",
605,40.8162,-73.4323,"West Hills, New York",
1064,39.5754,-76.9958,"Westminster, Maryland",
487,51.4995,-0.1333,"Westminster, United Kingdom",
488,41.0339862,-73.7629097,"White Plains, New York",
599,46.5483,-110.9022,"White Sulphur Springs, Montana",
1438,37.6872,-97.3301,"Wichita, Kansas",
1196,51.6654,11.5223,"Wiederstedt, Germany",
717,50.0782,8.2398,"Wiesbaden, Germany",
654,39.7391,-75.5398,"Wilmington, Delaware",
1369,51.9572,-1.9692,"Winchcombe, United Kingdom",
1007,41.9212,-73.0601,"Winsted, Winchester, Connecticut",
1317,52.587,-2.1288,"Wolverhampton, United Kingdom",
489,53.528409,-1.461325,"Worsbrough, United Kingdom",
1467,53.043,2.9925,"Wrexham, United Kingdom",
1300,51.3643,-2.7652,"Wrington, United Kingdom",
490,51.1078852,17.0385376,"Wroclaw, Poland",
795,51.2562,7.1508,"Wuppertal, Germany",
935,49.7913,9.9534,"Würzburg, Germany",
491,53.365407,-2.058357,"Wyberslegh Hall, United Kingdom",
1037,38.6122,-1.1101,"Yecla, Spain",
492,35.4437078,139.6380256,"Yokohama, Japan",
493,53.9599651,-1.0872979,"York, United Kingdom",
638,48.4723,25.2792,"Zabolotiv, Ukraine",
766,45.815,15.9819,"Zagreb, Croatia",
771,19.7036,-103.4647,"Zapotlán el Grande, México",
494,41.6488226,-0.8890853,"Zaragoza, Spain",
495,51.0006721,4.9830118,"Zichem, Belgium",
496,47.3768866,8.541694,"Zurich, Switzerland",
1255,35.2956,139.5804,"Zushi, Japan",
